id,pred1,pred2
20000.jpg,bumblebee: 0.98
,honeybee: 0.02
20001.jpg,bumblebee: 0.96
,honeybee: 0.03
20002.jpg,bumblebee: 0.99
,honeybee: 0.01
20003.jpg,bumblebee: 0.99
,honeybee: 0.00
20004.jpg,honeybee: 0.62
,bumblebee: 0.43
20005.jpg,bumblebee: 1.00
,honeybee: 0.00
20006.jpg,bumblebee: 0.46
,honeybee: 0.20
20007.jpg,bumblebee: 0.98
,honeybee: 0.00
20008.jpg,bumblebee: 1.00
,honeybee: 0.00
20009.jpg,honeybee: 1.00
,bumblebee: 0.00
20010.jpg,bumblebee: 1.00
,honeybee: 0.00
20011.jpg,bumblebee: 1.00
,honeybee: 0.00
20012.jpg,honeybee: 0.05
,bumblebee: 0.03
20013.jpg,bumblebee: 0.98
,honeybee: 0.06
20014.jpg,bumblebee: 1.00
,honeybee: 0.00
20015.jpg,bumblebee: 0.84
,honeybee: 0.19
20016.jpg,bumblebee: 0.89
,honeybee: 0.11
20017.jpg,honeybee: 0.74
,bumblebee: 0.31
20018.jpg,honeybee: 0.56
,bumblebee: 0.18
20019.jpg,honeybee: 0.47
,bumblebee: 0.39
20020.jpg,bumblebee: 0.89
,honeybee: 0.17
20021.jpg,honeybee: 0.98
,bumblebee: 0.01
20022.jpg,bumblebee: 1.00
,honeybee: 0.00
20023.jpg,bumblebee: 0.95
,honeybee: 0.01
20024.jpg,bumblebee: 1.00
,honeybee: 0.00
20025.jpg,honeybee: 0.98
,bumblebee: 0.08
20026.jpg,honeybee: 0.75
,bumblebee: 0.18
20027.jpg,bumblebee: 0.99
,honeybee: 0.01
20028.jpg,bumblebee: 0.95
,honeybee: 0.21
20029.jpg,bumblebee: 0.86
,honeybee: 0.19
20030.jpg,bumblebee: 0.87
,honeybee: 0.19
20031.jpg,bumblebee: 0.56
,honeybee: 0.36
20032.jpg,bumblebee: 0.73
,honeybee: 0.09
20033.jpg,honeybee: 0.95
,bumblebee: 0.04
20034.jpg,bumblebee: 0.81
,honeybee: 0.22
20035.jpg,bumblebee: 0.97
,honeybee: 0.03
20036.jpg,bumblebee: 0.98
,honeybee: 0.02
20037.jpg,bumblebee: 1.00
,honeybee: 0.00
20038.jpg,bumblebee: 1.00
,honeybee: 0.00
20039.jpg,honeybee: 0.81
,bumblebee: 0.14
20040.jpg,bumblebee: 0.93
,honeybee: 0.03
20041.jpg,bumblebee: 1.00
,honeybee: 0.00
20042.jpg,honeybee: 0.95
,bumblebee: 0.06
20043.jpg,honeybee: 0.43
,bumblebee: 0.35
20044.jpg,honeybee: 0.88
,bumblebee: 0.12
20045.jpg,honeybee: 0.54
,bumblebee: 0.01
20046.jpg,honeybee: 0.98
,bumblebee: 0.02
20047.jpg,bumblebee: 0.97
,honeybee: 0.02
20048.jpg,bumblebee: 0.99
,honeybee: 0.01
20049.jpg,bumblebee: 0.97
,honeybee: 0.02
20050.jpg,bumblebee: 0.96
,honeybee: 0.07
20051.jpg,honeybee: 0.95
,bumblebee: 0.09
20052.jpg,honeybee: 0.98
,bumblebee: 0.03
20053.jpg,bumblebee: 0.98
,honeybee: 0.01
20054.jpg,bumblebee: 0.96
,honeybee: 0.03
20055.jpg,bumblebee: 0.98
,honeybee: 0.04
20056.jpg,bumblebee: 0.99
,honeybee: 0.01
20057.jpg,bumblebee: 0.99
,honeybee: 0.02
20058.jpg,bumblebee: 0.84
,honeybee: 0.24
20059.jpg,bumblebee: 0.73
,honeybee: 0.33
20060.jpg,bumblebee: 1.00
,honeybee: 0.00
20061.jpg,bumblebee: 0.92
,honeybee: 0.06
20062.jpg,honeybee: 0.93
,bumblebee: 0.05
20063.jpg,honeybee: 0.73
,bumblebee: 0.30
20064.jpg,bumblebee: 0.43
,honeybee: 0.14
20065.jpg,honeybee: 0.83
,bumblebee: 0.25
20066.jpg,bumblebee: 0.87
,honeybee: 0.08
20067.jpg,honeybee: 0.52
,bumblebee: 0.35
20068.jpg,honeybee: 1.00
,bumblebee: 0.01
20069.jpg,bumblebee: 0.99
,honeybee: 0.03
20070.jpg,bumblebee: 1.00
,honeybee: 0.00
20071.jpg,bumblebee: 1.00
,honeybee: 0.00
20072.jpg,honeybee: 0.90
,bumblebee: 0.11
20073.jpg,bumblebee: 0.91
,honeybee: 0.08
20074.jpg,bumblebee: 1.00
,honeybee: 0.00
20075.jpg,honeybee: 0.35
,bumblebee: 0.18
20076.jpg,bumblebee: 0.97
,honeybee: 0.02
20077.jpg,bumblebee: 0.88
,honeybee: 0.04
20078.jpg,honeybee: 0.99
,bumblebee: 0.03
20079.jpg,honeybee: 0.75
,bumblebee: 0.23
20080.jpg,bumblebee: 1.00
,honeybee: 0.01
20081.jpg,honeybee: 0.83
,bumblebee: 0.12
20082.jpg,bumblebee: 0.99
,honeybee: 0.01
20083.jpg,bumblebee: 1.00
,honeybee: 0.00
20084.jpg,bumblebee: 0.93
,honeybee: 0.08
20085.jpg,bumblebee: 1.00
,honeybee: 0.00
20086.jpg,honeybee: 0.40
,bumblebee: 0.22
20087.jpg,bumblebee: 0.48
,honeybee: 0.47
20088.jpg,honeybee: 0.62
,bumblebee: 0.41
20089.jpg,bumblebee: 1.00
,honeybee: 0.00
20090.jpg,bumblebee: 0.70
,honeybee: 0.25
20091.jpg,honeybee: 0.95
,bumblebee: 0.03
20092.jpg,honeybee: 0.99
,bumblebee: 0.02
20093.jpg,bumblebee: 1.00
,honeybee: 0.00
20094.jpg,honeybee: 0.96
,bumblebee: 0.02
20095.jpg,bumblebee: 1.00
,honeybee: 0.00
20096.jpg,bumblebee: 0.63
,honeybee: 0.35
20097.jpg,bumblebee: 0.88
,honeybee: 0.03
20098.jpg,bumblebee: 0.32
,honeybee: 0.30
20099.jpg,honeybee: 0.53
,bumblebee: 0.23
20100.jpg,bumblebee: 0.99
,honeybee: 0.01
20101.jpg,bumblebee: 1.00
,honeybee: 0.00
20102.jpg,bumblebee: 0.93
,honeybee: 0.06
20103.jpg,honeybee: 0.99
,bumblebee: 0.01
20104.jpg,bumblebee: 1.00
,honeybee: 0.00
20105.jpg,honeybee: 0.64
,bumblebee: 0.25
20106.jpg,bumblebee: 0.63
,honeybee: 0.28
20107.jpg,bumblebee: 0.23
,honeybee: 0.19
20108.jpg,bumblebee: 1.00
,honeybee: 0.00
20109.jpg,bumblebee: 1.00
,honeybee: 0.00
20110.jpg,honeybee: 1.00
,bumblebee: 0.00
20111.jpg,bumblebee: 0.61
,honeybee: 0.04
20112.jpg,honeybee: 0.80
,bumblebee: 0.21
20113.jpg,bumblebee: 0.79
,honeybee: 0.10
20114.jpg,bumblebee: 1.00
,honeybee: 0.00
20115.jpg,bumblebee: 0.99
,honeybee: 0.01
20116.jpg,bumblebee: 1.00
,honeybee: 0.00
20117.jpg,bumblebee: 0.79
,honeybee: 0.18
20118.jpg,bumblebee: 0.92
,honeybee: 0.04
20119.jpg,honeybee: 0.84
,bumblebee: 0.18
20120.jpg,honeybee: 0.21
,bumblebee: 0.18
20121.jpg,bumblebee: 1.00
,honeybee: 0.00
20122.jpg,bumblebee: 0.51
,honeybee: 0.33
20123.jpg,bumblebee: 0.67
,honeybee: 0.35
20124.jpg,bumblebee: 0.98
,honeybee: 0.02
20125.jpg,bumblebee: 1.00
,honeybee: 0.00
20126.jpg,bumblebee: 0.72
,honeybee: 0.25
20127.jpg,honeybee: 0.54
,bumblebee: 0.44
20128.jpg,bumblebee: 1.00
,honeybee: 0.00
20129.jpg,honeybee: 1.00
,bumblebee: 0.00
20130.jpg,bumblebee: 0.99
,honeybee: 0.01
20131.jpg,bumblebee: 1.00
,honeybee: 0.00
20132.jpg,bumblebee: 0.91
,honeybee: 0.04
20133.jpg,bumblebee: 0.96
,honeybee: 0.06
20134.jpg,honeybee: 0.49
,bumblebee: 0.38
20135.jpg,honeybee: 0.92
,bumblebee: 0.09
20136.jpg,bumblebee: 0.94
,honeybee: 0.03
20137.jpg,honeybee: 0.77
,bumblebee: 0.17
20138.jpg,bumblebee: 0.97
,honeybee: 0.02
20139.jpg,bumblebee: 0.88
,honeybee: 0.16
20140.jpg,bumblebee: 0.97
,honeybee: 0.01
20141.jpg,bumblebee: 0.99
,honeybee: 0.01
20142.jpg,bumblebee: 0.90
,honeybee: 0.14
20143.jpg,bumblebee: 1.00
,honeybee: 0.00
20144.jpg,bumblebee: 0.99
,honeybee: 0.01
20145.jpg,bumblebee: 0.99
,honeybee: 0.01
20146.jpg,bumblebee: 0.46
,honeybee: 0.41
20147.jpg,bumblebee: 0.99
,honeybee: 0.01
20148.jpg,bumblebee: 0.95
,honeybee: 0.02
20149.jpg,bumblebee: 0.66
,honeybee: 0.39
20150.jpg,honeybee: 0.82
,bumblebee: 0.11
20151.jpg,honeybee: 0.99
,bumblebee: 0.00
20152.jpg,honeybee: 0.99
,bumblebee: 0.00
20153.jpg,honeybee: 0.86
,bumblebee: 0.14
20154.jpg,bumblebee: 1.00
,honeybee: 0.00
20155.jpg,bumblebee: 0.88
,honeybee: 0.12
20156.jpg,bumblebee: 0.88
,honeybee: 0.19
20157.jpg,bumblebee: 0.99
,honeybee: 0.01
20158.jpg,bumblebee: 0.71
,honeybee: 0.14
20159.jpg,bumblebee: 0.99
,honeybee: 0.01
20160.jpg,honeybee: 0.99
,bumblebee: 0.00
20161.jpg,bumblebee: 0.95
,honeybee: 0.02
20162.jpg,bumblebee: 0.76
,honeybee: 0.24
20163.jpg,bumblebee: 1.00
,honeybee: 0.00
20164.jpg,bumblebee: 1.00
,honeybee: 0.00
20165.jpg,honeybee: 0.63
,bumblebee: 0.27
20166.jpg,bumblebee: 0.86
,honeybee: 0.06
20167.jpg,bumblebee: 0.99
,honeybee: 0.03
20168.jpg,bumblebee: 0.76
,honeybee: 0.14
20169.jpg,bumblebee: 0.99
,honeybee: 0.01
20170.jpg,bumblebee: 1.00
,honeybee: 0.00
20171.jpg,honeybee: 0.54
,bumblebee: 0.37
20172.jpg,bumblebee: 0.57
,honeybee: 0.42
20173.jpg,honeybee: 0.77
,bumblebee: 0.19
20174.jpg,bumblebee: 0.99
,honeybee: 0.01
20175.jpg,bumblebee: 0.97
,honeybee: 0.02
20176.jpg,bumblebee: 0.91
,honeybee: 0.11
20177.jpg,bumblebee: 0.96
,honeybee: 0.02
20178.jpg,honeybee: 0.68
,bumblebee: 0.28
20179.jpg,bumblebee: 1.00
,honeybee: 0.00
20180.jpg,honeybee: 0.86
,bumblebee: 0.22
20181.jpg,bumblebee: 1.00
,honeybee: 0.00
20182.jpg,bumblebee: 0.46
,honeybee: 0.38
20183.jpg,bumblebee: 0.73
,honeybee: 0.34
20184.jpg,bumblebee: 0.90
,honeybee: 0.11
20185.jpg,honeybee: 0.99
,bumblebee: 0.01
20186.jpg,bumblebee: 1.00
,honeybee: 0.00
20187.jpg,bumblebee: 0.67
,honeybee: 0.32
20188.jpg,bumblebee: 1.00
,honeybee: 0.00
20189.jpg,bumblebee: 0.87
,honeybee: 0.10
20190.jpg,honeybee: 0.82
,bumblebee: 0.04
20191.jpg,bumblebee: 0.75
,honeybee: 0.11
20192.jpg,bumblebee: 1.00
,honeybee: 0.00
20193.jpg,bumblebee: 1.00
,honeybee: 0.00
20194.jpg,bumblebee: 0.92
,honeybee: 0.04
20195.jpg,honeybee: 0.98
,bumblebee: 0.00
20196.jpg,bumblebee: 0.97
,honeybee: 0.03
20197.jpg,bumblebee: 0.99
,honeybee: 0.00
20198.jpg,honeybee: 0.99
,bumblebee: 0.01
20199.jpg,bumblebee: 0.96
,honeybee: 0.05
20200.jpg,honeybee: 0.53
,bumblebee: 0.47
20201.jpg,bumblebee: 0.50
,honeybee: 0.29
20202.jpg,honeybee: 0.62
,bumblebee: 0.43
20203.jpg,honeybee: 0.82
,bumblebee: 0.22
20204.jpg,bumblebee: 0.88
,honeybee: 0.04
20205.jpg,bumblebee: 0.76
,honeybee: 0.15
20206.jpg,bumblebee: 1.00
,honeybee: 0.00
20207.jpg,bumblebee: 0.89
,honeybee: 0.05
20208.jpg,honeybee: 1.00
,bumblebee: 0.00
20209.jpg,honeybee: 0.99
,bumblebee: 0.01
20210.jpg,bumblebee: 0.65
,honeybee: 0.24
20211.jpg,bumblebee: 0.98
,honeybee: 0.02
20212.jpg,bumblebee: 1.00
,honeybee: 0.01
20213.jpg,bumblebee: 1.00
,honeybee: 0.01
20214.jpg,bumblebee: 1.00
,honeybee: 0.00
20215.jpg,honeybee: 0.52
,bumblebee: 0.47
20216.jpg,bumblebee: 0.57
,honeybee: 0.41
20217.jpg,bumblebee: 0.82
,honeybee: 0.15
20218.jpg,bumblebee: 0.92
,honeybee: 0.06
20219.jpg,honeybee: 0.56
,bumblebee: 0.33
20220.jpg,bumblebee: 0.98
,honeybee: 0.01
20221.jpg,bumblebee: 0.85
,honeybee: 0.13
20222.jpg,honeybee: 0.86
,bumblebee: 0.01
20223.jpg,bumblebee: 0.98
,honeybee: 0.01
20224.jpg,bumblebee: 1.00
,honeybee: 0.00
20225.jpg,bumblebee: 0.99
,honeybee: 0.02
20226.jpg,bumblebee: 0.96
,honeybee: 0.01
20227.jpg,bumblebee: 1.00
,honeybee: 0.00
20228.jpg,bumblebee: 1.00
,honeybee: 0.00
20229.jpg,bumblebee: 0.98
,honeybee: 0.01
20230.jpg,bumblebee: 0.97
,honeybee: 0.03
20231.jpg,honeybee: 0.59
,bumblebee: 0.36
20232.jpg,bumblebee: 1.00
,honeybee: 0.00
20233.jpg,bumblebee: 0.68
,honeybee: 0.48
20234.jpg,honeybee: 0.30
,bumblebee: 0.30
20235.jpg,bumblebee: 1.00
,honeybee: 0.01
20236.jpg,honeybee: 0.75
,bumblebee: 0.18
20237.jpg,honeybee: 0.30
,bumblebee: 0.24
20238.jpg,bumblebee: 0.84
,honeybee: 0.15
20239.jpg,bumblebee: 0.99
,honeybee: 0.04
20240.jpg,bumblebee: 0.83
,honeybee: 0.08
20241.jpg,bumblebee: 1.00
,honeybee: 0.00
20242.jpg,bumblebee: 0.98
,honeybee: 0.01
20243.jpg,bumblebee: 1.00
,honeybee: 0.00
20244.jpg,bumblebee: 1.00
,honeybee: 0.00
20245.jpg,bumblebee: 0.99
,honeybee: 0.00
20246.jpg,bumblebee: 0.99
,honeybee: 0.01
20247.jpg,bumblebee: 1.00
,honeybee: 0.00
20248.jpg,honeybee: 0.78
,bumblebee: 0.16
20249.jpg,bumblebee: 0.99
,honeybee: 0.01
20250.jpg,bumblebee: 1.00
,honeybee: 0.00
20251.jpg,bumblebee: 1.00
,honeybee: 0.00
20252.jpg,bumblebee: 0.98
,honeybee: 0.01
20253.jpg,bumblebee: 0.99
,honeybee: 0.01
20254.jpg,bumblebee: 0.95
,honeybee: 0.07
20255.jpg,bumblebee: 0.51
,honeybee: 0.48
20256.jpg,bumblebee: 1.00
,honeybee: 0.00
20257.jpg,honeybee: 0.61
,bumblebee: 0.25
20258.jpg,bumblebee: 1.00
,honeybee: 0.00
20259.jpg,bumblebee: 1.00
,honeybee: 0.00
20260.jpg,bumblebee: 0.58
,honeybee: 0.40
20261.jpg,honeybee: 0.78
,bumblebee: 0.05
20262.jpg,bumblebee: 0.97
,honeybee: 0.05
20263.jpg,bumblebee: 0.52
,honeybee: 0.33
20264.jpg,bumblebee: 1.00
,honeybee: 0.00
20265.jpg,bumblebee: 1.00
,honeybee: 0.00
20266.jpg,bumblebee: 0.99
,honeybee: 0.00
20267.jpg,honeybee: 0.56
,bumblebee: 0.42
20268.jpg,bumblebee: 0.97
,honeybee: 0.02
20269.jpg,honeybee: 0.96
,bumblebee: 0.02
20270.jpg,bumblebee: 0.88
,honeybee: 0.10
20271.jpg,bumblebee: 0.96
,honeybee: 0.03
20272.jpg,bumblebee: 1.00
,honeybee: 0.00
20273.jpg,bumblebee: 1.00
,honeybee: 0.00
20274.jpg,bumblebee: 0.96
,honeybee: 0.05
20275.jpg,bumblebee: 0.99
,honeybee: 0.02
20276.jpg,bumblebee: 1.00
,honeybee: 0.00
20277.jpg,honeybee: 0.65
,bumblebee: 0.44
20278.jpg,bumblebee: 0.89
,honeybee: 0.18
20279.jpg,honeybee: 0.94
,bumblebee: 0.08
20280.jpg,honeybee: 0.71
,bumblebee: 0.20
20281.jpg,honeybee: 0.92
,bumblebee: 0.05
20282.jpg,bumblebee: 0.99
,honeybee: 0.00
20283.jpg,bumblebee: 1.00
,honeybee: 0.00
20284.jpg,bumblebee: 0.86
,honeybee: 0.02
20285.jpg,bumblebee: 0.96
,honeybee: 0.06
20286.jpg,bumblebee: 0.96
,honeybee: 0.02
20287.jpg,bumblebee: 0.85
,honeybee: 0.40
20288.jpg,bumblebee: 0.68
,honeybee: 0.36
20289.jpg,bumblebee: 0.79
,honeybee: 0.10
20290.jpg,bumblebee: 0.93
,honeybee: 0.09
20291.jpg,bumblebee: 0.91
,honeybee: 0.30
20292.jpg,bumblebee: 0.98
,honeybee: 0.00
20293.jpg,bumblebee: 0.99
,honeybee: 0.02
20294.jpg,bumblebee: 0.70
,honeybee: 0.23
20295.jpg,honeybee: 0.74
,bumblebee: 0.18
20296.jpg,bumblebee: 0.92
,honeybee: 0.10
20297.jpg,bumblebee: 0.97
,honeybee: 0.01
20298.jpg,bumblebee: 0.98
,honeybee: 0.03
20299.jpg,honeybee: 0.71
,bumblebee: 0.30
20300.jpg,honeybee: 0.82
,bumblebee: 0.14
20301.jpg,bumblebee: 1.00
,honeybee: 0.00
20302.jpg,bumblebee: 0.49
,honeybee: 0.05
20303.jpg,bumblebee: 0.95
,honeybee: 0.06
20304.jpg,honeybee: 0.78
,bumblebee: 0.40
20305.jpg,bumblebee: 0.46
,honeybee: 0.26
20306.jpg,honeybee: 0.90
,bumblebee: 0.06
20307.jpg,bumblebee: 1.00
,honeybee: 0.00
20308.jpg,honeybee: 0.62
,bumblebee: 0.44
20309.jpg,honeybee: 0.91
,bumblebee: 0.09
20310.jpg,bumblebee: 0.93
,honeybee: 0.07
20311.jpg,bumblebee: 1.00
,honeybee: 0.00
20312.jpg,bumblebee: 0.79
,honeybee: 0.18
20313.jpg,honeybee: 0.85
,bumblebee: 0.15
20314.jpg,honeybee: 1.00
,bumblebee: 0.01
20315.jpg,bumblebee: 0.93
,honeybee: 0.05
20316.jpg,honeybee: 0.88
,bumblebee: 0.29
20317.jpg,honeybee: 0.91
,bumblebee: 0.11
20318.jpg,honeybee: 0.90
,bumblebee: 0.04
20319.jpg,bumblebee: 0.96
,honeybee: 0.10
20320.jpg,bumblebee: 0.97
,honeybee: 0.04
20321.jpg,bumblebee: 0.99
,honeybee: 0.00
20322.jpg,bumblebee: 0.88
,honeybee: 0.07
20323.jpg,bumblebee: 0.98
,honeybee: 0.02
20324.jpg,bumblebee: 1.00
,honeybee: 0.00
20325.jpg,bumblebee: 0.93
,honeybee: 0.05
20326.jpg,bumblebee: 0.78
,honeybee: 0.09
20327.jpg,bumblebee: 0.73
,honeybee: 0.13
20328.jpg,bumblebee: 0.53
,honeybee: 0.02
20329.jpg,bumblebee: 1.00
,honeybee: 0.00
20330.jpg,bumblebee: 0.84
,honeybee: 0.17
20331.jpg,honeybee: 0.87
,bumblebee: 0.15
20332.jpg,bumblebee: 1.00
,honeybee: 0.00
20333.jpg,bumblebee: 0.99
,honeybee: 0.01
20334.jpg,bumblebee: 1.00
,honeybee: 0.00
20335.jpg,bumblebee: 0.99
,honeybee: 0.01
20336.jpg,honeybee: 0.79
,bumblebee: 0.53
20337.jpg,bumblebee: 1.00
,honeybee: 0.00
20338.jpg,honeybee: 0.51
,bumblebee: 0.32
20339.jpg,bumblebee: 0.99
,honeybee: 0.02
20340.jpg,bumblebee: 0.78
,honeybee: 0.60
20341.jpg,bumblebee: 1.00
,honeybee: 0.00
20342.jpg,bumblebee: 1.00
,honeybee: 0.00
20343.jpg,bumblebee: 1.00
,honeybee: 0.00
20344.jpg,bumblebee: 0.95
,honeybee: 0.02
20345.jpg,bumblebee: 0.73
,honeybee: 0.17
20346.jpg,bumblebee: 0.68
,honeybee: 0.48
20347.jpg,bumblebee: 1.00
,honeybee: 0.00
20348.jpg,bumblebee: 0.72
,honeybee: 0.48
20349.jpg,honeybee: 0.46
,bumblebee: 0.44
20350.jpg,honeybee: 0.27
,bumblebee: 0.25
20351.jpg,bumblebee: 0.59
,honeybee: 0.11
20352.jpg,bumblebee: 0.98
,honeybee: 0.02
20353.jpg,honeybee: 0.70
,bumblebee: 0.68
20354.jpg,bumblebee: 0.99
,honeybee: 0.00
20355.jpg,bumblebee: 0.63
,honeybee: 0.29
20356.jpg,bumblebee: 0.96
,honeybee: 0.05
20357.jpg,bumblebee: 0.63
,honeybee: 0.52
20358.jpg,bumblebee: 1.00
,honeybee: 0.00
20359.jpg,honeybee: 0.96
,bumblebee: 0.00
20360.jpg,bumblebee: 0.95
,honeybee: 0.04
20361.jpg,bumblebee: 0.98
,honeybee: 0.00
20362.jpg,bumblebee: 1.00
,honeybee: 0.00
20363.jpg,bumblebee: 0.98
,honeybee: 0.02
20364.jpg,bumblebee: 0.84
,honeybee: 0.33
20365.jpg,bumblebee: 0.99
,honeybee: 0.01
20366.jpg,honeybee: 0.93
,bumblebee: 0.02
20367.jpg,bumblebee: 0.74
,honeybee: 0.03
20368.jpg,honeybee: 0.86
,bumblebee: 0.09
20369.jpg,honeybee: 1.00
,bumblebee: 0.01
20370.jpg,honeybee: 0.94
,bumblebee: 0.08
20371.jpg,bumblebee: 0.95
,honeybee: 0.04
20372.jpg,bumblebee: 0.99
,honeybee: 0.00
20373.jpg,bumblebee: 0.99
,honeybee: 0.01
20374.jpg,bumblebee: 0.88
,honeybee: 0.14
20375.jpg,honeybee: 0.98
,bumblebee: 0.03
20376.jpg,bumblebee: 0.79
,honeybee: 0.34
20377.jpg,honeybee: 0.67
,bumblebee: 0.60
20378.jpg,bumblebee: 1.00
,honeybee: 0.00
20379.jpg,honeybee: 0.99
,bumblebee: 0.00
20380.jpg,bumblebee: 0.94
,honeybee: 0.07
20381.jpg,bumblebee: 0.50
,honeybee: 0.43
20382.jpg,bumblebee: 0.99
,honeybee: 0.00
20383.jpg,bumblebee: 0.82
,honeybee: 0.10
20384.jpg,honeybee: 0.93
,bumblebee: 0.14
20385.jpg,honeybee: 1.00
,bumblebee: 0.00
20386.jpg,bumblebee: 0.64
,honeybee: 0.54
20387.jpg,bumblebee: 0.96
,honeybee: 0.05
20388.jpg,bumblebee: 0.97
,honeybee: 0.01
20389.jpg,bumblebee: 1.00
,honeybee: 0.00
20390.jpg,bumblebee: 1.00
,honeybee: 0.00
20391.jpg,bumblebee: 1.00
,honeybee: 0.00
20392.jpg,honeybee: 0.88
,bumblebee: 0.10
20393.jpg,bumblebee: 0.98
,honeybee: 0.01
20394.jpg,honeybee: 0.98
,bumblebee: 0.03
20395.jpg,honeybee: 0.62
,bumblebee: 0.24
20396.jpg,bumblebee: 1.00
,honeybee: 0.00
20397.jpg,bumblebee: 0.97
,honeybee: 0.03
20398.jpg,honeybee: 0.75
,bumblebee: 0.23
20399.jpg,bumblebee: 1.00
,honeybee: 0.01
20400.jpg,bumblebee: 1.00
,honeybee: 0.01
20401.jpg,bumblebee: 0.87
,honeybee: 0.06
20402.jpg,honeybee: 0.80
,bumblebee: 0.23
20403.jpg,honeybee: 0.89
,bumblebee: 0.11
20404.jpg,bumblebee: 0.93
,honeybee: 0.06
20405.jpg,honeybee: 0.91
,bumblebee: 0.20
20406.jpg,bumblebee: 0.99
,honeybee: 0.02
20407.jpg,bumblebee: 0.78
,honeybee: 0.05
20408.jpg,honeybee: 1.00
,bumblebee: 0.00
20409.jpg,bumblebee: 0.99
,honeybee: 0.02
20410.jpg,bumblebee: 0.90
,honeybee: 0.05
20411.jpg,bumblebee: 0.99
,honeybee: 0.02
20412.jpg,honeybee: 0.99
,bumblebee: 0.04
20413.jpg,bumblebee: 0.92
,honeybee: 0.08
20414.jpg,bumblebee: 0.97
,honeybee: 0.02
20415.jpg,bumblebee: 0.99
,honeybee: 0.01
20416.jpg,bumblebee: 0.99
,honeybee: 0.01
20417.jpg,honeybee: 0.99
,bumblebee: 0.01
20418.jpg,honeybee: 0.96
,bumblebee: 0.06
20419.jpg,bumblebee: 1.00
,honeybee: 0.00
20420.jpg,bumblebee: 0.98
,honeybee: 0.02
20421.jpg,bumblebee: 0.99
,honeybee: 0.01
20422.jpg,bumblebee: 0.93
,honeybee: 0.06
20423.jpg,bumblebee: 0.94
,honeybee: 0.07
20424.jpg,bumblebee: 0.87
,honeybee: 0.11
20425.jpg,bumblebee: 1.00
,honeybee: 0.00
20426.jpg,bumblebee: 0.98
,honeybee: 0.04
20427.jpg,bumblebee: 0.90
,honeybee: 0.08
20428.jpg,bumblebee: 0.99
,honeybee: 0.00
20429.jpg,bumblebee: 1.00
,honeybee: 0.00
20430.jpg,bumblebee: 0.90
,honeybee: 0.10
20431.jpg,bumblebee: 1.00
,honeybee: 0.00
20432.jpg,bumblebee: 1.00
,honeybee: 0.00
20433.jpg,bumblebee: 0.85
,honeybee: 0.19
20434.jpg,honeybee: 0.66
,bumblebee: 0.38
20435.jpg,bumblebee: 0.94
,honeybee: 0.06
20436.jpg,bumblebee: 1.00
,honeybee: 0.01
20437.jpg,bumblebee: 0.86
,honeybee: 0.10
20438.jpg,bumblebee: 0.98
,honeybee: 0.01
20439.jpg,bumblebee: 0.89
,honeybee: 0.07
20440.jpg,bumblebee: 1.00
,honeybee: 0.00
20441.jpg,bumblebee: 1.00
,honeybee: 0.00
20442.jpg,bumblebee: 0.79
,honeybee: 0.30
20443.jpg,bumblebee: 0.97
,honeybee: 0.02
20444.jpg,honeybee: 0.99
,bumblebee: 0.01
20445.jpg,bumblebee: 1.00
,honeybee: 0.00
20446.jpg,honeybee: 0.66
,bumblebee: 0.51
20447.jpg,honeybee: 0.97
,bumblebee: 0.05
20448.jpg,honeybee: 0.98
,bumblebee: 0.01
20449.jpg,honeybee: 0.90
,bumblebee: 0.04
20450.jpg,bumblebee: 0.87
,honeybee: 0.10
20451.jpg,bumblebee: 0.92
,honeybee: 0.04
20452.jpg,honeybee: 0.83
,bumblebee: 0.16
20453.jpg,bumblebee: 0.76
,honeybee: 0.17
20454.jpg,bumblebee: 0.99
,honeybee: 0.07
20455.jpg,bumblebee: 1.00
,honeybee: 0.00
20456.jpg,bumblebee: 1.00
,honeybee: 0.00
20457.jpg,bumblebee: 1.00
,honeybee: 0.00
20458.jpg,honeybee: 0.80
,bumblebee: 0.09
20459.jpg,bumblebee: 0.74
,honeybee: 0.13
20460.jpg,honeybee: 0.93
,bumblebee: 0.01
20461.jpg,bumblebee: 0.97
,honeybee: 0.01
20462.jpg,bumblebee: 0.97
,honeybee: 0.03
20463.jpg,bumblebee: 0.98
,honeybee: 0.02
20464.jpg,bumblebee: 0.20
,honeybee: 0.10
20465.jpg,honeybee: 0.82
,bumblebee: 0.31
20466.jpg,bumblebee: 1.00
,honeybee: 0.00
20467.jpg,bumblebee: 0.99
,honeybee: 0.01
20468.jpg,honeybee: 0.97
,bumblebee: 0.04
20469.jpg,bumblebee: 0.97
,honeybee: 0.03
20470.jpg,honeybee: 0.62
,bumblebee: 0.15
20471.jpg,honeybee: 0.61
,bumblebee: 0.45
20472.jpg,bumblebee: 0.70
,honeybee: 0.24
20473.jpg,bumblebee: 1.00
,honeybee: 0.00
20474.jpg,bumblebee: 0.98
,honeybee: 0.05
20475.jpg,bumblebee: 1.00
,honeybee: 0.00
20476.jpg,honeybee: 0.98
,bumblebee: 0.02
20477.jpg,bumblebee: 0.86
,honeybee: 0.21
20478.jpg,honeybee: 0.65
,bumblebee: 0.28
20479.jpg,bumblebee: 1.00
,honeybee: 0.00
20480.jpg,bumblebee: 0.99
,honeybee: 0.00
20481.jpg,bumblebee: 0.85
,honeybee: 0.09
20482.jpg,honeybee: 0.98
,bumblebee: 0.02
20483.jpg,honeybee: 0.63
,bumblebee: 0.55
20484.jpg,bumblebee: 1.00
,honeybee: 0.00
20485.jpg,bumblebee: 0.99
,honeybee: 0.02
20486.jpg,bumblebee: 1.00
,honeybee: 0.00
20487.jpg,bumblebee: 1.00
,honeybee: 0.00
20488.jpg,honeybee: 0.94
,bumblebee: 0.07
20489.jpg,bumblebee: 0.71
,honeybee: 0.36
20490.jpg,bumblebee: 0.73
,honeybee: 0.18
20491.jpg,honeybee: 0.82
,bumblebee: 0.16
20492.jpg,bumblebee: 0.55
,honeybee: 0.45
20493.jpg,bumblebee: 0.79
,honeybee: 0.12
20494.jpg,bumblebee: 0.97
,honeybee: 0.03
20495.jpg,bumblebee: 1.00
,honeybee: 0.00
20496.jpg,bumblebee: 1.00
,honeybee: 0.00
20497.jpg,bumblebee: 0.44
,honeybee: 0.13
20498.jpg,honeybee: 0.99
,bumblebee: 0.01
20499.jpg,bumblebee: 0.98
,honeybee: 0.01
20500.jpg,bumblebee: 1.00
,honeybee: 0.00
20501.jpg,bumblebee: 1.00
,honeybee: 0.00
20502.jpg,honeybee: 0.88
,bumblebee: 0.09
20503.jpg,bumblebee: 0.99
,honeybee: 0.01
20504.jpg,bumblebee: 1.00
,honeybee: 0.01
20505.jpg,bumblebee: 0.94
,honeybee: 0.06
20506.jpg,bumblebee: 1.00
,honeybee: 0.00
20507.jpg,bumblebee: 1.00
,honeybee: 0.00
20508.jpg,honeybee: 0.59
,bumblebee: 0.31
20509.jpg,bumblebee: 0.77
,honeybee: 0.09
20510.jpg,bumblebee: 0.98
,honeybee: 0.01
20511.jpg,honeybee: 0.99
,bumblebee: 0.00
20512.jpg,honeybee: 0.96
,bumblebee: 0.07
20513.jpg,bumblebee: 1.00
,honeybee: 0.00
20514.jpg,bumblebee: 0.94
,honeybee: 0.02
20515.jpg,bumblebee: 0.99
,honeybee: 0.01
20516.jpg,bumblebee: 0.99
,honeybee: 0.01
20517.jpg,bumblebee: 0.97
,honeybee: 0.02
20518.jpg,bumblebee: 0.92
,honeybee: 0.01
20519.jpg,bumblebee: 1.00
,honeybee: 0.00
20520.jpg,bumblebee: 0.99
,honeybee: 0.01
20521.jpg,bumblebee: 0.99
,honeybee: 0.01
20522.jpg,bumblebee: 1.00
,honeybee: 0.00
20523.jpg,bumblebee: 0.96
,honeybee: 0.08
20524.jpg,honeybee: 0.95
,bumblebee: 0.10
20525.jpg,bumblebee: 0.99
,honeybee: 0.02
20526.jpg,honeybee: 0.95
,bumblebee: 0.01
20527.jpg,bumblebee: 1.00
,honeybee: 0.00
20528.jpg,bumblebee: 0.95
,honeybee: 0.04
20529.jpg,bumblebee: 0.99
,honeybee: 0.00
20530.jpg,honeybee: 0.74
,bumblebee: 0.20
20531.jpg,bumblebee: 1.00
,honeybee: 0.00
20532.jpg,honeybee: 0.68
,bumblebee: 0.21
20533.jpg,bumblebee: 1.00
,honeybee: 0.00
20534.jpg,bumblebee: 1.00
,honeybee: 0.00
20535.jpg,bumblebee: 0.98
,honeybee: 0.01
20536.jpg,bumblebee: 0.64
,honeybee: 0.39
20537.jpg,honeybee: 0.49
,bumblebee: 0.34
20538.jpg,bumblebee: 1.00
,honeybee: 0.01
20539.jpg,bumblebee: 0.39
,honeybee: 0.03
20540.jpg,honeybee: 0.99
,bumblebee: 0.01
20541.jpg,honeybee: 0.52
,bumblebee: 0.32
20542.jpg,bumblebee: 0.89
,honeybee: 0.21
20543.jpg,bumblebee: 0.92
,honeybee: 0.02
20544.jpg,bumblebee: 0.92
,honeybee: 0.07
20545.jpg,bumblebee: 1.00
,honeybee: 0.00
20546.jpg,bumblebee: 1.00
,honeybee: 0.00
20547.jpg,bumblebee: 0.62
,honeybee: 0.38
20548.jpg,bumblebee: 1.00
,honeybee: 0.00
20549.jpg,bumblebee: 0.97
,honeybee: 0.01
20550.jpg,bumblebee: 1.00
,honeybee: 0.00
20551.jpg,bumblebee: 0.98
,honeybee: 0.02
20552.jpg,honeybee: 0.23
,bumblebee: 0.08
20553.jpg,honeybee: 0.85
,bumblebee: 0.02
20554.jpg,honeybee: 0.79
,bumblebee: 0.21
20555.jpg,bumblebee: 1.00
,honeybee: 0.00
20556.jpg,bumblebee: 0.96
,honeybee: 0.13
20557.jpg,bumblebee: 0.77
,honeybee: 0.10
20558.jpg,bumblebee: 1.00
,honeybee: 0.00
20559.jpg,bumblebee: 1.00
,honeybee: 0.00
20560.jpg,bumblebee: 1.00
,honeybee: 0.00
20561.jpg,bumblebee: 1.00
,honeybee: 0.00
20562.jpg,bumblebee: 0.95
,honeybee: 0.04
20563.jpg,bumblebee: 0.97
,honeybee: 0.05
20564.jpg,bumblebee: 0.89
,honeybee: 0.09
20565.jpg,honeybee: 0.66
,bumblebee: 0.50
20566.jpg,bumblebee: 1.00
,honeybee: 0.00
20567.jpg,bumblebee: 0.99
,honeybee: 0.02
20568.jpg,bumblebee: 0.99
,honeybee: 0.00
20569.jpg,bumblebee: 0.66
,honeybee: 0.32
20570.jpg,bumblebee: 0.91
,honeybee: 0.10
20571.jpg,bumblebee: 1.00
,honeybee: 0.00
20572.jpg,bumblebee: 0.92
,honeybee: 0.08
20573.jpg,bumblebee: 1.00
,honeybee: 0.00
20574.jpg,honeybee: 1.00
,bumblebee: 0.00
20575.jpg,bumblebee: 0.99
,honeybee: 0.01
20576.jpg,bumblebee: 0.96
,honeybee: 0.04
20577.jpg,honeybee: 1.00
,bumblebee: 0.01
20578.jpg,bumblebee: 0.83
,honeybee: 0.16
20579.jpg,bumblebee: 1.00
,honeybee: 0.01
20580.jpg,bumblebee: 0.47
,honeybee: 0.45
20581.jpg,bumblebee: 0.97
,honeybee: 0.02
20582.jpg,bumblebee: 1.00
,honeybee: 0.00
20583.jpg,honeybee: 1.00
,bumblebee: 0.00
20584.jpg,bumblebee: 0.97
,honeybee: 0.07
20585.jpg,bumblebee: 0.52
,honeybee: 0.38
20586.jpg,honeybee: 0.56
,bumblebee: 0.49
20587.jpg,bumblebee: 0.99
,honeybee: 0.01
20588.jpg,honeybee: 0.58
,bumblebee: 0.43
20589.jpg,bumblebee: 0.96
,honeybee: 0.06
20590.jpg,bumblebee: 0.93
,honeybee: 0.04
20591.jpg,honeybee: 0.62
,bumblebee: 0.20
20592.jpg,bumblebee: 0.67
,honeybee: 0.44
20593.jpg,bumblebee: 0.39
,honeybee: 0.31
20594.jpg,bumblebee: 1.00
,honeybee: 0.00
20595.jpg,bumblebee: 1.00
,honeybee: 0.00
20596.jpg,honeybee: 0.50
,bumblebee: 0.44
20597.jpg,bumblebee: 0.94
,honeybee: 0.02
20598.jpg,honeybee: 0.51
,bumblebee: 0.34
20599.jpg,bumblebee: 1.00
,honeybee: 0.00
20600.jpg,bumblebee: 0.99
,honeybee: 0.03
20601.jpg,bumblebee: 1.00
,honeybee: 0.00
20602.jpg,bumblebee: 0.71
,honeybee: 0.28
20603.jpg,bumblebee: 0.99
,honeybee: 0.00
20604.jpg,bumblebee: 0.89
,honeybee: 0.07
20605.jpg,bumblebee: 0.99
,honeybee: 0.00
20606.jpg,honeybee: 0.72
,bumblebee: 0.48
20607.jpg,bumblebee: 0.67
,honeybee: 0.49
20608.jpg,bumblebee: 0.93
,honeybee: 0.35
20609.jpg,bumblebee: 1.00
,honeybee: 0.00
20610.jpg,honeybee: 0.72
,bumblebee: 0.20
20611.jpg,bumblebee: 1.00
,honeybee: 0.00
20612.jpg,bumblebee: 0.97
,honeybee: 0.04
20613.jpg,bumblebee: 0.53
,honeybee: 0.46
20614.jpg,bumblebee: 1.00
,honeybee: 0.00
20615.jpg,bumblebee: 1.00
,honeybee: 0.00
20616.jpg,bumblebee: 0.96
,honeybee: 0.02
20617.jpg,bumblebee: 0.96
,honeybee: 0.03
20618.jpg,bumblebee: 0.93
,honeybee: 0.05
20619.jpg,bumblebee: 0.90
,honeybee: 0.07
20620.jpg,bumblebee: 0.93
,honeybee: 0.11
20621.jpg,bumblebee: 0.53
,honeybee: 0.53
20622.jpg,bumblebee: 1.00
,honeybee: 0.00
20623.jpg,bumblebee: 0.91
,honeybee: 0.11
20624.jpg,bumblebee: 1.00
,honeybee: 0.00
20625.jpg,bumblebee: 0.74
,honeybee: 0.40
20626.jpg,honeybee: 0.95
,bumblebee: 0.04
20627.jpg,honeybee: 0.85
,bumblebee: 0.10
20628.jpg,honeybee: 0.71
,bumblebee: 0.13
20629.jpg,bumblebee: 1.00
,honeybee: 0.00
20630.jpg,bumblebee: 1.00
,honeybee: 0.00
20631.jpg,honeybee: 0.80
,bumblebee: 0.16
20632.jpg,bumblebee: 1.00
,honeybee: 0.00
20633.jpg,bumblebee: 0.78
,honeybee: 0.37
20634.jpg,bumblebee: 1.00
,honeybee: 0.00
20635.jpg,bumblebee: 0.97
,honeybee: 0.03
20636.jpg,honeybee: 0.99
,bumblebee: 0.00
20637.jpg,honeybee: 0.31
,bumblebee: 0.10
20638.jpg,bumblebee: 0.85
,honeybee: 0.08
20639.jpg,bumblebee: 0.50
,honeybee: 0.32
20640.jpg,honeybee: 0.89
,bumblebee: 0.08
20641.jpg,bumblebee: 1.00
,honeybee: 0.00
20642.jpg,bumblebee: 0.99
,honeybee: 0.00
20643.jpg,bumblebee: 0.93
,honeybee: 0.07
20644.jpg,bumblebee: 0.89
,honeybee: 0.06
20645.jpg,bumblebee: 0.99
,honeybee: 0.00
20646.jpg,bumblebee: 0.93
,honeybee: 0.11
20647.jpg,bumblebee: 0.95
,honeybee: 0.03
20648.jpg,bumblebee: 1.00
,honeybee: 0.00
20649.jpg,bumblebee: 0.94
,honeybee: 0.05
20650.jpg,bumblebee: 1.00
,honeybee: 0.00
20651.jpg,bumblebee: 0.99
,honeybee: 0.02
20652.jpg,bumblebee: 1.00
,honeybee: 0.00
20653.jpg,bumblebee: 0.67
,honeybee: 0.29
20654.jpg,bumblebee: 0.99
,honeybee: 0.02
20655.jpg,honeybee: 0.95
,bumblebee: 0.04
20656.jpg,bumblebee: 0.84
,honeybee: 0.25
20657.jpg,bumblebee: 1.00
,honeybee: 0.00
20658.jpg,honeybee: 0.57
,bumblebee: 0.47
20659.jpg,bumblebee: 0.96
,honeybee: 0.05
20660.jpg,bumblebee: 0.81
,honeybee: 0.20
20661.jpg,bumblebee: 0.90
,honeybee: 0.19
20662.jpg,bumblebee: 0.55
,honeybee: 0.32
20663.jpg,bumblebee: 0.79
,honeybee: 0.37
20664.jpg,bumblebee: 1.00
,honeybee: 0.00
20665.jpg,bumblebee: 0.51
,honeybee: 0.42
20666.jpg,bumblebee: 1.00
,honeybee: 0.00
20667.jpg,honeybee: 0.85
,bumblebee: 0.19
20668.jpg,honeybee: 0.61
,bumblebee: 0.43
20669.jpg,honeybee: 0.96
,bumblebee: 0.00
20670.jpg,bumblebee: 0.68
,honeybee: 0.07
20671.jpg,honeybee: 0.90
,bumblebee: 0.18
20672.jpg,bumblebee: 0.98
,honeybee: 0.01
20673.jpg,bumblebee: 0.95
,honeybee: 0.03
20674.jpg,bumblebee: 0.99
,honeybee: 0.02
20675.jpg,bumblebee: 0.59
,honeybee: 0.30
20676.jpg,bumblebee: 0.97
,honeybee: 0.04
20677.jpg,honeybee: 0.77
,bumblebee: 0.27
20678.jpg,honeybee: 0.97
,bumblebee: 0.03
20679.jpg,bumblebee: 1.00
,honeybee: 0.00
20680.jpg,bumblebee: 0.44
,honeybee: 0.22
20681.jpg,honeybee: 0.84
,bumblebee: 0.05
20682.jpg,bumblebee: 1.00
,honeybee: 0.00
20683.jpg,bumblebee: 0.90
,honeybee: 0.18
20684.jpg,honeybee: 0.75
,bumblebee: 0.37
20685.jpg,bumblebee: 0.61
,honeybee: 0.40
20686.jpg,bumblebee: 0.44
,honeybee: 0.34
20687.jpg,bumblebee: 0.95
,honeybee: 0.04
20688.jpg,bumblebee: 0.99
,honeybee: 0.01
20689.jpg,honeybee: 0.97
,bumblebee: 0.04
20690.jpg,honeybee: 0.96
,bumblebee: 0.06
20691.jpg,bumblebee: 0.99
,honeybee: 0.00
20692.jpg,honeybee: 0.94
,bumblebee: 0.06
20693.jpg,honeybee: 0.92
,bumblebee: 0.01
20694.jpg,bumblebee: 0.85
,honeybee: 0.08
20695.jpg,bumblebee: 0.95
,honeybee: 0.15
20696.jpg,bumblebee: 1.00
,honeybee: 0.00
20697.jpg,bumblebee: 0.84
,honeybee: 0.18
20698.jpg,bumblebee: 1.00
,honeybee: 0.01
20699.jpg,bumblebee: 0.97
,honeybee: 0.01
20700.jpg,bumblebee: 1.00
,honeybee: 0.00
20701.jpg,bumblebee: 0.95
,honeybee: 0.12
20702.jpg,bumblebee: 0.56
,honeybee: 0.25
20703.jpg,honeybee: 0.78
,bumblebee: 0.17
20704.jpg,bumblebee: 0.99
,honeybee: 0.01
20705.jpg,honeybee: 0.75
,bumblebee: 0.21
20706.jpg,honeybee: 0.64
,bumblebee: 0.41
20707.jpg,bumblebee: 0.91
,honeybee: 0.09
20708.jpg,honeybee: 0.77
,bumblebee: 0.31
20709.jpg,bumblebee: 0.71
,honeybee: 0.33
20710.jpg,bumblebee: 1.00
,honeybee: 0.01
20711.jpg,bumblebee: 1.00
,honeybee: 0.00
20712.jpg,honeybee: 0.77
,bumblebee: 0.28
20713.jpg,bumblebee: 1.00
,honeybee: 0.00
20714.jpg,bumblebee: 0.89
,honeybee: 0.06
20715.jpg,bumblebee: 0.99
,honeybee: 0.00
20716.jpg,bumblebee: 0.83
,honeybee: 0.34
20717.jpg,bumblebee: 0.79
,honeybee: 0.24
20718.jpg,bumblebee: 0.74
,honeybee: 0.20
20719.jpg,honeybee: 0.99
,bumblebee: 0.01
20720.jpg,honeybee: 0.70
,bumblebee: 0.43
20721.jpg,bumblebee: 0.40
,honeybee: 0.37
20722.jpg,bumblebee: 0.88
,honeybee: 0.15
20723.jpg,bumblebee: 1.00
,honeybee: 0.00
20724.jpg,bumblebee: 0.91
,honeybee: 0.09
20725.jpg,bumblebee: 0.51
,honeybee: 0.47
20726.jpg,honeybee: 0.73
,bumblebee: 0.22
20727.jpg,bumblebee: 1.00
,honeybee: 0.00
20728.jpg,honeybee: 0.80
,bumblebee: 0.14
20729.jpg,honeybee: 0.99
,bumblebee: 0.02
20730.jpg,honeybee: 0.98
,bumblebee: 0.02
20731.jpg,honeybee: 1.00
,bumblebee: 0.00
20732.jpg,honeybee: 0.98
,bumblebee: 0.01
20733.jpg,bumblebee: 0.89
,honeybee: 0.24
20734.jpg,honeybee: 0.92
,bumblebee: 0.04
20735.jpg,bumblebee: 1.00
,honeybee: 0.00
20736.jpg,bumblebee: 1.00
,honeybee: 0.00
20737.jpg,bumblebee: 1.00
,honeybee: 0.00
20738.jpg,bumblebee: 0.71
,honeybee: 0.15
20739.jpg,honeybee: 0.72
,bumblebee: 0.19
20740.jpg,bumblebee: 0.89
,honeybee: 0.05
20741.jpg,bumblebee: 0.98
,honeybee: 0.04
20742.jpg,bumblebee: 0.82
,honeybee: 0.19
20743.jpg,bumblebee: 0.82
,honeybee: 0.25
20744.jpg,bumblebee: 0.93
,honeybee: 0.07
20745.jpg,bumblebee: 0.99
,honeybee: 0.01
20746.jpg,honeybee: 0.96
,bumblebee: 0.04
20747.jpg,bumblebee: 1.00
,honeybee: 0.00
20748.jpg,bumblebee: 0.99
,honeybee: 0.00
20749.jpg,bumblebee: 0.98
,honeybee: 0.03
20750.jpg,bumblebee: 1.00
,honeybee: 0.00
20751.jpg,honeybee: 0.65
,bumblebee: 0.59
20752.jpg,honeybee: 0.86
,bumblebee: 0.23
20753.jpg,bumblebee: 0.90
,honeybee: 0.18
20754.jpg,bumblebee: 0.99
,honeybee: 0.02
20755.jpg,honeybee: 0.97
,bumblebee: 0.03
20756.jpg,bumblebee: 0.82
,honeybee: 0.22
20757.jpg,bumblebee: 1.00
,honeybee: 0.00
20758.jpg,bumblebee: 1.00
,honeybee: 0.00
20759.jpg,bumblebee: 1.00
,honeybee: 0.00
20760.jpg,bumblebee: 0.99
,honeybee: 0.00
20761.jpg,bumblebee: 0.98
,honeybee: 0.03
20762.jpg,bumblebee: 0.88
,honeybee: 0.07
20763.jpg,bumblebee: 0.88
,honeybee: 0.16
20764.jpg,bumblebee: 1.00
,honeybee: 0.00
20765.jpg,bumblebee: 0.94
,honeybee: 0.04
20766.jpg,bumblebee: 0.96
,honeybee: 0.01
20767.jpg,bumblebee: 0.80
,honeybee: 0.27
20768.jpg,bumblebee: 0.90
,honeybee: 0.08
20769.jpg,bumblebee: 1.00
,honeybee: 0.00
20770.jpg,bumblebee: 0.81
,honeybee: 0.23
20771.jpg,bumblebee: 0.61
,honeybee: 0.27
20772.jpg,honeybee: 0.85
,bumblebee: 0.00
20773.jpg,bumblebee: 0.99
,honeybee: 0.00
20774.jpg,bumblebee: 0.98
,honeybee: 0.01
20775.jpg,bumblebee: 0.92
,honeybee: 0.08
20776.jpg,bumblebee: 0.91
,honeybee: 0.11
20777.jpg,honeybee: 0.63
,bumblebee: 0.30
20778.jpg,bumblebee: 1.00
,honeybee: 0.00
20779.jpg,bumblebee: 0.47
,honeybee: 0.32
20780.jpg,honeybee: 0.56
,bumblebee: 0.43
20781.jpg,honeybee: 0.86
,bumblebee: 0.06
20782.jpg,honeybee: 0.50
,bumblebee: 0.38
20783.jpg,bumblebee: 0.40
,honeybee: 0.31
20784.jpg,bumblebee: 0.80
,honeybee: 0.24
20785.jpg,bumblebee: 1.00
,honeybee: 0.00
20786.jpg,bumblebee: 0.98
,honeybee: 0.01
20787.jpg,bumblebee: 1.00
,honeybee: 0.00
20788.jpg,bumblebee: 1.00
,honeybee: 0.00
20789.jpg,bumblebee: 0.92
,honeybee: 0.07
20790.jpg,bumblebee: 0.93
,honeybee: 0.08
20791.jpg,bumblebee: 0.97
,honeybee: 0.02
20792.jpg,honeybee: 0.42
,bumblebee: 0.26
20793.jpg,honeybee: 0.35
,bumblebee: 0.35
20794.jpg,bumblebee: 0.94
,honeybee: 0.06
20795.jpg,bumblebee: 0.89
,honeybee: 0.03
20796.jpg,bumblebee: 0.99
,honeybee: 0.01
20797.jpg,bumblebee: 1.00
,honeybee: 0.00
20798.jpg,bumblebee: 0.90
,honeybee: 0.05
20799.jpg,bumblebee: 0.95
,honeybee: 0.07
20800.jpg,honeybee: 0.79
,bumblebee: 0.14
20801.jpg,bumblebee: 0.96
,honeybee: 0.04
20802.jpg,honeybee: 0.92
,bumblebee: 0.06
20803.jpg,honeybee: 0.93
,bumblebee: 0.01
20804.jpg,bumblebee: 0.99
,honeybee: 0.00
20805.jpg,bumblebee: 1.00
,honeybee: 0.00
20806.jpg,honeybee: 0.76
,bumblebee: 0.22
20807.jpg,bumblebee: 0.09
,honeybee: 0.03
20808.jpg,honeybee: 0.83
,bumblebee: 0.13
20809.jpg,bumblebee: 0.85
,honeybee: 0.16
20810.jpg,bumblebee: 1.00
,honeybee: 0.00
20811.jpg,bumblebee: 0.57
,honeybee: 0.09
20812.jpg,bumblebee: 0.69
,honeybee: 0.17
20813.jpg,honeybee: 0.98
,bumblebee: 0.03
20814.jpg,honeybee: 0.51
,bumblebee: 0.45
20815.jpg,bumblebee: 1.00
,honeybee: 0.00
20816.jpg,bumblebee: 0.96
,honeybee: 0.04
20817.jpg,bumblebee: 1.00
,honeybee: 0.00
20818.jpg,bumblebee: 0.65
,honeybee: 0.65
20819.jpg,bumblebee: 1.00
,honeybee: 0.00
20820.jpg,honeybee: 0.53
,bumblebee: 0.46
20821.jpg,bumblebee: 0.89
,honeybee: 0.13
20822.jpg,bumblebee: 1.00
,honeybee: 0.00
20823.jpg,bumblebee: 1.00
,honeybee: 0.00
20824.jpg,bumblebee: 0.96
,honeybee: 0.04
20825.jpg,bumblebee: 1.00
,honeybee: 0.00
20826.jpg,bumblebee: 1.00
,honeybee: 0.00
20827.jpg,bumblebee: 0.57
,honeybee: 0.33
20828.jpg,bumblebee: 1.00
,honeybee: 0.00
20829.jpg,honeybee: 0.60
,bumblebee: 0.47
20830.jpg,bumblebee: 1.00
,honeybee: 0.00
20831.jpg,bumblebee: 1.00
,honeybee: 0.01
20832.jpg,honeybee: 0.92
,bumblebee: 0.06
20833.jpg,honeybee: 0.76
,bumblebee: 0.13
20834.jpg,honeybee: 0.47
,bumblebee: 0.44
20835.jpg,bumblebee: 0.46
,honeybee: 0.34
20836.jpg,honeybee: 0.53
,bumblebee: 0.15
20837.jpg,bumblebee: 1.00
,honeybee: 0.00
20838.jpg,bumblebee: 0.79
,honeybee: 0.15
20839.jpg,honeybee: 0.70
,bumblebee: 0.41
20840.jpg,bumblebee: 0.99
,honeybee: 0.01
20841.jpg,bumblebee: 1.00
,honeybee: 0.00
20842.jpg,bumblebee: 0.56
,honeybee: 0.24
20843.jpg,bumblebee: 0.56
,honeybee: 0.42
20844.jpg,honeybee: 0.61
,bumblebee: 0.59
20845.jpg,bumblebee: 0.95
,honeybee: 0.05
20846.jpg,bumblebee: 0.97
,honeybee: 0.04
20847.jpg,honeybee: 0.95
,bumblebee: 0.03
20848.jpg,bumblebee: 0.80
,honeybee: 0.11
20849.jpg,bumblebee: 1.00
,honeybee: 0.00
20850.jpg,honeybee: 0.93
,bumblebee: 0.09
20851.jpg,honeybee: 0.90
,bumblebee: 0.07
20852.jpg,bumblebee: 0.95
,honeybee: 0.02
20853.jpg,bumblebee: 0.58
,honeybee: 0.23
20854.jpg,honeybee: 0.57
,bumblebee: 0.31
20855.jpg,bumblebee: 1.00
,honeybee: 0.00
20856.jpg,bumblebee: 0.99
,honeybee: 0.00
20857.jpg,bumblebee: 0.99
,honeybee: 0.00
20858.jpg,bumblebee: 0.99
,honeybee: 0.01
20859.jpg,honeybee: 0.98
,bumblebee: 0.00
20860.jpg,bumblebee: 0.63
,honeybee: 0.41
20861.jpg,bumblebee: 0.96
,honeybee: 0.01
20862.jpg,bumblebee: 0.76
,honeybee: 0.17
20863.jpg,bumblebee: 0.89
,honeybee: 0.13
20864.jpg,honeybee: 0.54
,bumblebee: 0.35
20865.jpg,bumblebee: 1.00
,honeybee: 0.00
20866.jpg,honeybee: 0.70
,bumblebee: 0.22
20867.jpg,bumblebee: 1.00
,honeybee: 0.00
20868.jpg,bumblebee: 0.90
,honeybee: 0.13
20869.jpg,bumblebee: 0.67
,honeybee: 0.33
20870.jpg,bumblebee: 0.99
,honeybee: 0.00
20871.jpg,honeybee: 0.67
,bumblebee: 0.20
20872.jpg,honeybee: 0.89
,bumblebee: 0.10
20873.jpg,bumblebee: 1.00
,honeybee: 0.00
20874.jpg,honeybee: 0.77
,bumblebee: 0.31
20875.jpg,honeybee: 0.94
,bumblebee: 0.08
20876.jpg,bumblebee: 0.93
,honeybee: 0.03
20877.jpg,honeybee: 0.77
,bumblebee: 0.10
20878.jpg,honeybee: 0.97
,bumblebee: 0.03
20879.jpg,bumblebee: 0.94
,honeybee: 0.02
20880.jpg,honeybee: 0.47
,bumblebee: 0.46
20881.jpg,honeybee: 0.59
,bumblebee: 0.30
20882.jpg,honeybee: 0.54
,bumblebee: 0.40
20883.jpg,bumblebee: 0.98
,honeybee: 0.01
20884.jpg,bumblebee: 0.56
,honeybee: 0.33
20885.jpg,honeybee: 0.78
,bumblebee: 0.20
20886.jpg,bumblebee: 0.76
,honeybee: 0.65
20887.jpg,honeybee: 0.81
,bumblebee: 0.13
20888.jpg,bumblebee: 1.00
,honeybee: 0.00
20889.jpg,honeybee: 0.97
,bumblebee: 0.02
20890.jpg,bumblebee: 0.99
,honeybee: 0.02
20891.jpg,bumblebee: 0.98
,honeybee: 0.03
20892.jpg,honeybee: 0.69
,bumblebee: 0.07
20893.jpg,honeybee: 0.70
,bumblebee: 0.14
20894.jpg,bumblebee: 0.98
,honeybee: 0.03
20895.jpg,honeybee: 0.89
,bumblebee: 0.08
20896.jpg,bumblebee: 0.98
,honeybee: 0.01
20897.jpg,bumblebee: 0.99
,honeybee: 0.01
20898.jpg,bumblebee: 0.74
,honeybee: 0.30
20899.jpg,honeybee: 0.57
,bumblebee: 0.34
20900.jpg,bumblebee: 0.60
,honeybee: 0.34
20901.jpg,honeybee: 0.53
,bumblebee: 0.44
20902.jpg,bumblebee: 1.00
,honeybee: 0.01
20903.jpg,bumblebee: 0.65
,honeybee: 0.30
20904.jpg,honeybee: 0.68
,bumblebee: 0.34
20905.jpg,bumblebee: 0.97
,honeybee: 0.01
20906.jpg,honeybee: 0.82
,bumblebee: 0.14
20907.jpg,honeybee: 0.93
,bumblebee: 0.28
20908.jpg,bumblebee: 1.00
,honeybee: 0.00
20909.jpg,bumblebee: 0.91
,honeybee: 0.10
20910.jpg,honeybee: 0.94
,bumblebee: 0.04
20911.jpg,bumblebee: 0.46
,honeybee: 0.13
20912.jpg,bumblebee: 0.92
,honeybee: 0.26
20913.jpg,honeybee: 0.99
,bumblebee: 0.01
20914.jpg,bumblebee: 1.00
,honeybee: 0.00
20915.jpg,honeybee: 0.60
,bumblebee: 0.25
20916.jpg,bumblebee: 0.16
,honeybee: 0.10
20917.jpg,bumblebee: 0.73
,honeybee: 0.18
20918.jpg,bumblebee: 1.00
,honeybee: 0.01
20919.jpg,bumblebee: 1.00
,honeybee: 0.00
20920.jpg,bumblebee: 0.15
,honeybee: 0.05
20921.jpg,bumblebee: 1.00
,honeybee: 0.00
20922.jpg,bumblebee: 0.95
,honeybee: 0.12
20923.jpg,bumblebee: 0.98
,honeybee: 0.01
20924.jpg,honeybee: 0.95
,bumblebee: 0.19
20925.jpg,honeybee: 0.86
,bumblebee: 0.10
20926.jpg,bumblebee: 0.98
,honeybee: 0.04
20927.jpg,bumblebee: 1.00
,honeybee: 0.00
20928.jpg,bumblebee: 1.00
,honeybee: 0.00
20929.jpg,bumblebee: 1.00
,honeybee: 0.00
20930.jpg,bumblebee: 0.93
,honeybee: 0.07
20931.jpg,honeybee: 0.67
,bumblebee: 0.24
20932.jpg,bumblebee: 0.99
,honeybee: 0.01
20933.jpg,honeybee: 0.77
,bumblebee: 0.21
20934.jpg,bumblebee: 0.99
,honeybee: 0.01
20935.jpg,bumblebee: 0.95
,honeybee: 0.01
20936.jpg,bumblebee: 1.00
,honeybee: 0.00
20937.jpg,bumblebee: 0.55
,honeybee: 0.32
20938.jpg,bumblebee: 0.99
,honeybee: 0.01
20939.jpg,bumblebee: 0.98
,honeybee: 0.03
20940.jpg,bumblebee: 0.70
,honeybee: 0.25
20941.jpg,honeybee: 0.96
,bumblebee: 0.02
20942.jpg,bumblebee: 0.97
,honeybee: 0.09
20943.jpg,honeybee: 0.69
,bumblebee: 0.20
20944.jpg,honeybee: 0.78
,bumblebee: 0.30
20945.jpg,bumblebee: 1.00
,honeybee: 0.00
20946.jpg,bumblebee: 1.00
,honeybee: 0.01
20947.jpg,bumblebee: 1.00
,honeybee: 0.00
20948.jpg,honeybee: 0.80
,bumblebee: 0.04
20949.jpg,bumblebee: 1.00
,honeybee: 0.00
20950.jpg,honeybee: 0.97
,bumblebee: 0.01
20951.jpg,bumblebee: 0.99
,honeybee: 0.01
20952.jpg,bumblebee: 1.00
,honeybee: 0.00
20953.jpg,honeybee: 1.00
,bumblebee: 0.00
20954.jpg,bumblebee: 0.91
,honeybee: 0.03
20955.jpg,honeybee: 0.93
,bumblebee: 0.11
20956.jpg,bumblebee: 0.68
,honeybee: 0.44
20957.jpg,bumblebee: 0.93
,honeybee: 0.11
20958.jpg,bumblebee: 0.46
,honeybee: 0.20
20959.jpg,bumblebee: 0.99
,honeybee: 0.01
20960.jpg,bumblebee: 0.87
,honeybee: 0.12
20961.jpg,bumblebee: 1.00
,honeybee: 0.00
20962.jpg,honeybee: 0.64
,bumblebee: 0.57
20963.jpg,bumblebee: 0.99
,honeybee: 0.00
20964.jpg,bumblebee: 1.00
,honeybee: 0.00
20965.jpg,bumblebee: 0.96
,honeybee: 0.02
20966.jpg,bumblebee: 0.87
,honeybee: 0.02
20967.jpg,bumblebee: 0.99
,honeybee: 0.01
20968.jpg,honeybee: 0.47
,bumblebee: 0.44
20969.jpg,bumblebee: 1.00
,honeybee: 0.00
20970.jpg,bumblebee: 1.00
,honeybee: 0.00
20971.jpg,bumblebee: 1.00
,honeybee: 0.00
20972.jpg,honeybee: 1.00
,bumblebee: 0.00
20973.jpg,bumblebee: 1.00
,honeybee: 0.00
20974.jpg,honeybee: 0.94
,bumblebee: 0.10
20975.jpg,bumblebee: 0.83
,honeybee: 0.13
20976.jpg,honeybee: 0.58
,bumblebee: 0.42
20977.jpg,bumblebee: 1.00
,honeybee: 0.00
20978.jpg,bumblebee: 0.98
,honeybee: 0.01
20979.jpg,bumblebee: 1.00
,honeybee: 0.00
20980.jpg,bumblebee: 1.00
,honeybee: 0.00
20981.jpg,bumblebee: 0.96
,honeybee: 0.03
20982.jpg,honeybee: 0.88
,bumblebee: 0.13
20983.jpg,bumblebee: 0.98
,honeybee: 0.02
20984.jpg,bumblebee: 0.97
,honeybee: 0.03
20985.jpg,honeybee: 0.62
,bumblebee: 0.31
20986.jpg,honeybee: 0.56
,bumblebee: 0.48
20987.jpg,bumblebee: 1.00
,honeybee: 0.00
20988.jpg,bumblebee: 0.73
,honeybee: 0.25
20989.jpg,bumblebee: 0.74
,honeybee: 0.26
20990.jpg,bumblebee: 1.00
,honeybee: 0.00
20991.jpg,bumblebee: 0.88
,honeybee: 0.19
