id,bee_type
10000,bumble_bee
10001,bumble_bee
10002,bumble_bee
10003,bumble_bee
10004,bumble_bee
10005,honey_bee
10006,honey_bee
10007,honey_bee
10008,honey_bee
10009,bumble_bee
10010,bumble_bee
10011,honey_bee
10012,bumble_bee
10013,bumble_bee
10014,bumble_bee
10015,bumble_bee
10016,honey_bee
10017,bumble_bee
10018,honey_bee
10019,bumble_bee
10020,bumble_bee
10021,bumble_bee
10022,honey_bee
10023,bumble_bee
10024,honey_bee
10025,bumble_bee
10026,honey_bee
10027,bumble_bee
10028,honey_bee
10029,bumble_bee
10030,bumble_bee
10031,bumble_bee
10032,bumble_bee
10033,bumble_bee
10034,bumble_bee
10035,bumble_bee
10036,bumble_bee
10037,bumble_bee
10038,bumble_bee
10039,bumble_bee
10040,bumble_bee
10041,honey_bee
10042,honey_bee
10043,honey_bee
10044,bumble_bee
10045,bumble_bee
10046,bumble_bee
10047,bumble_bee
10048,honey_bee
10049,bumble_bee
10050,honey_bee
10051,bumble_bee
10052,bumble_bee
10053,bumble_bee
10054,bumble_bee
10055,bumble_bee
10056,bumble_bee
10057,bumble_bee
10058,bumble_bee
10059,bumble_bee
10060,bumble_bee
10061,bumble_bee
10062,bumble_bee
10063,bumble_bee
10064,bumble_bee
10065,bumble_bee
10066,bumble_bee
10067,bumble_bee
10068,bumble_bee
10069,bumble_bee
10070,honey_bee
10071,bumble_bee
10072,bumble_bee
10073,bumble_bee
10074,bumble_bee
10075,bumble_bee
10076,bumble_bee
10077,honey_bee
10078,honey_bee
10079,honey_bee
10080,bumble_bee
10081,honey_bee
10082,honey_bee
10083,honey_bee
10084,bumble_bee
10085,bumble_bee
10086,bumble_bee
10087,bumble_bee
10088,bumble_bee
10089,bumble_bee
10090,bumble_bee
10091,honey_bee
10092,honey_bee
10093,bumble_bee
10094,bumble_bee
10095,bumble_bee
10096,bumble_bee
10097,bumble_bee
10098,bumble_bee
10099,honey_bee
10100,bumble_bee
10101,bumble_bee
10102,bumble_bee
10103,bumble_bee
10104,bumble_bee
10105,bumble_bee
10106,bumble_bee
10107,bumble_bee
10108,bumble_bee
10109,bumble_bee
10110,bumble_bee
10111,bumble_bee
10112,bumble_bee
10113,bumble_bee
10114,honey_bee
10115,bumble_bee
10116,bumble_bee
10117,bumble_bee
10118,bumble_bee
10119,bumble_bee
10120,honey_bee
10121,bumble_bee
10122,honey_bee
10123,bumble_bee
10124,bumble_bee
10125,bumble_bee
10126,bumble_bee
10127,honey_bee
10128,honey_bee
10129,bumble_bee
10130,honey_bee
10131,bumble_bee
10132,bumble_bee
10133,bumble_bee
10134,bumble_bee
10135,bumble_bee
10136,bumble_bee
10137,bumble_bee
10138,honey_bee
10139,bumble_bee
10140,bumble_bee
10141,honey_bee
10142,bumble_bee
10143,bumble_bee
10144,bumble_bee
10145,bumble_bee
10146,bumble_bee
10147,bumble_bee
10148,bumble_bee
10149,bumble_bee
10150,bumble_bee
10151,bumble_bee
10152,bumble_bee
10153,bumble_bee
10154,honey_bee
10155,honey_bee
10156,honey_bee
10157,bumble_bee
10158,honey_bee
10159,bumble_bee
10160,bumble_bee
10161,honey_bee
10162,bumble_bee
10163,bumble_bee
10164,bumble_bee
10165,bumble_bee
10166,honey_bee
10167,bumble_bee
10168,bumble_bee
10169,honey_bee
10170,bumble_bee
10171,bumble_bee
10172,bumble_bee
10173,bumble_bee
10174,bumble_bee
10175,bumble_bee
10176,bumble_bee
10177,bumble_bee
10178,bumble_bee
10179,bumble_bee
10180,bumble_bee
10181,honey_bee
10182,bumble_bee
10183,honey_bee
10184,bumble_bee
10185,bumble_bee
10186,bumble_bee
10187,bumble_bee
10188,bumble_bee
10189,honey_bee
10190,bumble_bee
10191,bumble_bee
10192,bumble_bee
10193,bumble_bee
10194,bumble_bee
10195,bumble_bee
10196,bumble_bee
10197,honey_bee
10198,bumble_bee
10199,honey_bee
10200,honey_bee
10201,bumble_bee
10202,bumble_bee
10203,bumble_bee
10204,bumble_bee
10205,bumble_bee
10206,bumble_bee
10207,bumble_bee
10208,bumble_bee
10209,honey_bee
10210,bumble_bee
10211,bumble_bee
10212,bumble_bee
10213,bumble_bee
10214,bumble_bee
10215,bumble_bee
10216,bumble_bee
10217,bumble_bee
10218,bumble_bee
10219,bumble_bee
10220,bumble_bee
10221,honey_bee
10222,bumble_bee
10223,bumble_bee
10224,honey_bee
10225,bumble_bee
10226,bumble_bee
10227,bumble_bee
10228,bumble_bee
10229,bumble_bee
10230,honey_bee
10231,bumble_bee
10232,bumble_bee
10233,honey_bee
10234,honey_bee
10235,bumble_bee
10236,bumble_bee
10237,bumble_bee
10238,bumble_bee
10239,bumble_bee
10240,bumble_bee
10241,honey_bee
10242,bumble_bee
10243,bumble_bee
10244,bumble_bee
10245,bumble_bee
10246,bumble_bee
10247,honey_bee
10248,bumble_bee
10249,bumble_bee
10250,bumble_bee
10251,bumble_bee
10252,bumble_bee
10253,bumble_bee
10254,honey_bee
10255,bumble_bee
10256,bumble_bee
10257,bumble_bee
10258,bumble_bee
10259,honey_bee
10260,bumble_bee
10261,honey_bee
10262,bumble_bee
10263,honey_bee
10264,bumble_bee
10265,bumble_bee
10266,honey_bee
10267,bumble_bee
10268,bumble_bee
10269,bumble_bee
10270,bumble_bee
10271,honey_bee
10272,bumble_bee
10273,bumble_bee
10274,bumble_bee
10275,bumble_bee
10276,honey_bee
10277,bumble_bee
10278,honey_bee
10279,bumble_bee
10280,bumble_bee
10281,bumble_bee
10282,honey_bee
10283,bumble_bee
10284,honey_bee
10285,bumble_bee
10286,honey_bee
10287,bumble_bee
10288,bumble_bee
10289,bumble_bee
10290,bumble_bee
10291,bumble_bee
10292,bumble_bee
10293,bumble_bee
10294,bumble_bee
10295,honey_bee
10296,bumble_bee
10297,bumble_bee
10298,bumble_bee
10299,bumble_bee
10300,bumble_bee
10301,honey_bee
10302,honey_bee
10303,honey_bee
10304,bumble_bee
10305,bumble_bee
10306,bumble_bee
10307,honey_bee
10308,bumble_bee
10309,bumble_bee
10310,bumble_bee
10311,bumble_bee
10312,bumble_bee
10313,bumble_bee
10314,bumble_bee
10315,bumble_bee
10316,bumble_bee
10317,honey_bee
10318,honey_bee
10319,bumble_bee
10320,honey_bee
10321,bumble_bee
10322,bumble_bee
10323,bumble_bee
10324,bumble_bee
10325,bumble_bee
10326,honey_bee
10327,bumble_bee
10328,bumble_bee
10329,honey_bee
10330,honey_bee
10331,bumble_bee
10332,bumble_bee
10333,honey_bee
10334,bumble_bee
10335,honey_bee
10336,bumble_bee
10337,honey_bee
10338,bumble_bee
10339,bumble_bee
10340,bumble_bee
10341,bumble_bee
10342,honey_bee
10343,honey_bee
10344,honey_bee
10345,bumble_bee
10346,bumble_bee
10347,bumble_bee
10348,bumble_bee
10349,bumble_bee
10350,honey_bee
10351,bumble_bee
10352,bumble_bee
10353,bumble_bee
10354,bumble_bee
10355,bumble_bee
10356,bumble_bee
10357,bumble_bee
10358,bumble_bee
10359,bumble_bee
10360,bumble_bee
10361,bumble_bee
10362,bumble_bee
10363,honey_bee
10364,bumble_bee
10365,honey_bee
10366,honey_bee
10367,bumble_bee
10368,bumble_bee
10369,honey_bee
10370,bumble_bee
10371,bumble_bee
10372,bumble_bee
10373,bumble_bee
10374,bumble_bee
10375,bumble_bee
10376,bumble_bee
10377,bumble_bee
10378,bumble_bee
10379,bumble_bee
10380,bumble_bee
10381,bumble_bee
10382,bumble_bee
10383,honey_bee
10384,bumble_bee
10385,bumble_bee
10386,honey_bee
10387,bumble_bee
10388,bumble_bee
10389,bumble_bee
10390,bumble_bee
10391,bumble_bee
10392,bumble_bee
10393,bumble_bee
10394,bumble_bee
10395,bumble_bee
10396,bumble_bee
10397,bumble_bee
10398,bumble_bee
10399,bumble_bee
10400,bumble_bee
10401,bumble_bee
10402,honey_bee
10403,bumble_bee
10404,bumble_bee
10405,honey_bee
10406,bumble_bee
10407,bumble_bee
10408,bumble_bee
10409,honey_bee
10410,bumble_bee
10411,honey_bee
10412,bumble_bee
10413,bumble_bee
10414,bumble_bee
10415,bumble_bee
10416,bumble_bee
10417,bumble_bee
10418,honey_bee
10419,bumble_bee
10420,bumble_bee
10421,bumble_bee
10422,bumble_bee
10423,bumble_bee
10424,bumble_bee
10425,honey_bee
10426,honey_bee
10427,bumble_bee
10428,bumble_bee
10429,bumble_bee
10430,honey_bee
10431,bumble_bee
10432,honey_bee
10433,bumble_bee
10434,bumble_bee
10435,bumble_bee
10436,bumble_bee
10437,bumble_bee
10438,bumble_bee
10439,bumble_bee
10440,bumble_bee
10441,bumble_bee
10442,bumble_bee
10443,honey_bee
10444,bumble_bee
10445,honey_bee
10446,bumble_bee
10447,bumble_bee
10448,bumble_bee
10449,bumble_bee
10450,honey_bee
10451,honey_bee
10452,bumble_bee
10453,bumble_bee
10454,bumble_bee
10455,honey_bee
10456,honey_bee
10457,bumble_bee
10458,bumble_bee
10459,bumble_bee
10460,bumble_bee
10461,honey_bee
10462,bumble_bee
10463,bumble_bee
10464,bumble_bee
10465,bumble_bee
10466,honey_bee
10467,bumble_bee
10468,bumble_bee
10469,bumble_bee
10470,bumble_bee
10471,honey_bee
10472,bumble_bee
10473,bumble_bee
10474,honey_bee
10475,honey_bee
10476,bumble_bee
10477,bumble_bee
10478,bumble_bee
10479,bumble_bee
10480,bumble_bee
10481,bumble_bee
10482,bumble_bee
10483,bumble_bee
10484,bumble_bee
10485,bumble_bee
10486,bumble_bee
10487,bumble_bee
10488,bumble_bee
10489,bumble_bee
10490,bumble_bee
10491,bumble_bee
10492,bumble_bee
10493,bumble_bee
10494,bumble_bee
10495,honey_bee
10496,bumble_bee
10497,bumble_bee
10498,bumble_bee
10499,bumble_bee
10500,honey_bee
10501,honey_bee
10502,bumble_bee
10503,bumble_bee
10504,bumble_bee
10505,honey_bee
10506,honey_bee
10507,bumble_bee
10508,honey_bee
10509,honey_bee
10510,bumble_bee
10511,honey_bee
10512,bumble_bee
10513,honey_bee
10514,honey_bee
10515,bumble_bee
10516,bumble_bee
10517,bumble_bee
10518,bumble_bee
10519,bumble_bee
10520,bumble_bee
10521,bumble_bee
10522,honey_bee
10523,honey_bee
10524,bumble_bee
10525,bumble_bee
10526,bumble_bee
10527,bumble_bee
10528,bumble_bee
10529,bumble_bee
10530,bumble_bee
10531,bumble_bee
10532,bumble_bee
10533,bumble_bee
10534,honey_bee
10535,bumble_bee
10536,bumble_bee
10537,bumble_bee
10538,honey_bee
10539,bumble_bee
10540,bumble_bee
10541,bumble_bee
10542,bumble_bee
10543,bumble_bee
10544,honey_bee
10545,bumble_bee
10546,honey_bee
10547,bumble_bee
10548,bumble_bee
10549,bumble_bee
10550,bumble_bee
10551,bumble_bee
10552,honey_bee
10553,bumble_bee
10554,bumble_bee
10555,honey_bee
10556,bumble_bee
10557,bumble_bee
10558,bumble_bee
10559,bumble_bee
10560,honey_bee
10561,bumble_bee
10562,bumble_bee
10563,bumble_bee
10564,bumble_bee
10565,honey_bee
10566,bumble_bee
10567,bumble_bee
10568,honey_bee
10569,bumble_bee
10570,bumble_bee
10571,bumble_bee
10572,bumble_bee
10573,bumble_bee
10574,bumble_bee
10575,bumble_bee
10576,honey_bee
10577,bumble_bee
10578,bumble_bee
10579,honey_bee
10580,honey_bee
10581,bumble_bee
10582,honey_bee
10583,bumble_bee
10584,bumble_bee
10585,honey_bee
10586,honey_bee
10587,bumble_bee
10588,honey_bee
10589,bumble_bee
10590,bumble_bee
10591,bumble_bee
10592,bumble_bee
10593,honey_bee
10594,bumble_bee
10595,bumble_bee
10596,honey_bee
10597,bumble_bee
10598,bumble_bee
10599,honey_bee
10600,honey_bee
10601,bumble_bee
10602,honey_bee
10603,bumble_bee
10604,bumble_bee
10605,honey_bee
10606,bumble_bee
10607,bumble_bee
10608,bumble_bee
10609,bumble_bee
10610,bumble_bee
10611,bumble_bee
10612,bumble_bee
10613,honey_bee
10614,honey_bee
10615,bumble_bee
10616,bumble_bee
10617,bumble_bee
10618,honey_bee
10619,bumble_bee
10620,honey_bee
10621,bumble_bee
10622,honey_bee
10623,bumble_bee
10624,bumble_bee
10625,honey_bee
10626,bumble_bee
10627,honey_bee
10628,bumble_bee
10629,bumble_bee
10630,bumble_bee
10631,honey_bee
10632,honey_bee
10633,bumble_bee
10634,bumble_bee
10635,bumble_bee
10636,bumble_bee
10637,bumble_bee
10638,bumble_bee
10639,honey_bee
10640,bumble_bee
10641,bumble_bee
10642,bumble_bee
10643,bumble_bee
10644,honey_bee
10645,honey_bee
10646,bumble_bee
10647,bumble_bee
10648,bumble_bee
10649,bumble_bee
10650,bumble_bee
10651,bumble_bee
10652,bumble_bee
10653,bumble_bee
10654,honey_bee
10655,bumble_bee
10656,honey_bee
10657,bumble_bee
10658,bumble_bee
10659,bumble_bee
10660,bumble_bee
10661,bumble_bee
10662,bumble_bee
10663,bumble_bee
10664,bumble_bee
10665,bumble_bee
10666,bumble_bee
10667,honey_bee
10668,bumble_bee
10669,bumble_bee
10670,bumble_bee
10671,bumble_bee
10672,bumble_bee
10673,honey_bee
10674,honey_bee
10675,bumble_bee
10676,bumble_bee
10677,honey_bee
10678,bumble_bee
10679,bumble_bee
10680,bumble_bee
10681,bumble_bee
10682,bumble_bee
10683,bumble_bee
10684,bumble_bee
10685,honey_bee
10686,bumble_bee
10687,bumble_bee
10688,bumble_bee
10689,bumble_bee
10690,bumble_bee
10691,bumble_bee
10692,bumble_bee
10693,bumble_bee
10694,bumble_bee
10695,bumble_bee
10696,honey_bee
10697,bumble_bee
10698,bumble_bee
10699,bumble_bee
10700,bumble_bee
10701,bumble_bee
10702,honey_bee
10703,honey_bee
10704,bumble_bee
10705,honey_bee
10706,bumble_bee
10707,bumble_bee
10708,bumble_bee
10709,bumble_bee
10710,bumble_bee
10711,bumble_bee
10712,bumble_bee
10713,bumble_bee
10714,bumble_bee
10715,bumble_bee
10716,bumble_bee
10717,bumble_bee
10718,bumble_bee
10719,bumble_bee
10720,bumble_bee
10721,bumble_bee
10722,bumble_bee
10723,bumble_bee
10724,bumble_bee
10725,honey_bee
10726,honey_bee
10727,honey_bee
10728,bumble_bee
10729,bumble_bee
10730,bumble_bee
10731,bumble_bee
10732,bumble_bee
10733,bumble_bee
10734,bumble_bee
10735,honey_bee
10736,bumble_bee
10737,bumble_bee
10738,bumble_bee
10739,bumble_bee
10740,honey_bee
10741,bumble_bee
10742,honey_bee
10743,bumble_bee
10744,bumble_bee
10745,honey_bee
10746,bumble_bee
10747,bumble_bee
10748,bumble_bee
10749,bumble_bee
10750,bumble_bee
10751,bumble_bee
10752,bumble_bee
10753,bumble_bee
10754,bumble_bee
10755,bumble_bee
10756,bumble_bee
10757,honey_bee
10758,bumble_bee
10759,honey_bee
10760,bumble_bee
10761,honey_bee
10762,bumble_bee
10763,honey_bee
10764,bumble_bee
10765,bumble_bee
10766,bumble_bee
10767,honey_bee
10768,bumble_bee
10769,bumble_bee
10770,bumble_bee
10771,bumble_bee
10772,bumble_bee
10773,bumble_bee
10774,bumble_bee
10775,bumble_bee
10776,honey_bee
10777,honey_bee
10778,bumble_bee
10779,bumble_bee
10780,bumble_bee
10781,bumble_bee
10782,bumble_bee
10783,honey_bee
10784,bumble_bee
10785,bumble_bee
10786,bumble_bee
10787,bumble_bee
10788,bumble_bee
10789,bumble_bee
10790,bumble_bee
10791,bumble_bee
10792,bumble_bee
10793,bumble_bee
10794,bumble_bee
10795,bumble_bee
10796,bumble_bee
10797,honey_bee
10798,bumble_bee
10799,bumble_bee
10800,bumble_bee
10801,bumble_bee
10802,bumble_bee
10803,honey_bee
10804,bumble_bee
10805,honey_bee
10806,bumble_bee
10807,bumble_bee
10808,bumble_bee
10809,bumble_bee
10810,bumble_bee
10811,honey_bee
10812,bumble_bee
10813,honey_bee
10814,bumble_bee
10815,bumble_bee
10816,bumble_bee
10817,bumble_bee
10818,bumble_bee
10819,bumble_bee
10820,bumble_bee
10821,honey_bee
10822,bumble_bee
10823,bumble_bee
10824,honey_bee
10825,bumble_bee
10826,bumble_bee
10827,bumble_bee
10828,honey_bee
10829,bumble_bee
10830,bumble_bee
10831,bumble_bee
10832,bumble_bee
10833,bumble_bee
10834,bumble_bee
10835,bumble_bee
10836,bumble_bee
10837,bumble_bee
10838,bumble_bee
10839,bumble_bee
10840,bumble_bee
10841,bumble_bee
10842,honey_bee
10843,bumble_bee
10844,bumble_bee
10845,bumble_bee
10846,bumble_bee
10847,bumble_bee
10848,honey_bee
10849,bumble_bee
10850,bumble_bee
10851,bumble_bee
10852,bumble_bee
10853,bumble_bee
10854,honey_bee
10855,bumble_bee
10856,bumble_bee
10857,bumble_bee
10858,honey_bee
10859,bumble_bee
10860,bumble_bee
10861,bumble_bee
10862,bumble_bee
10863,honey_bee
10864,honey_bee
10865,bumble_bee
10866,honey_bee
10867,bumble_bee
10868,bumble_bee
10869,bumble_bee
10870,bumble_bee
10871,bumble_bee
10872,bumble_bee
10873,bumble_bee
10874,bumble_bee
10875,bumble_bee
10876,bumble_bee
10877,bumble_bee
10878,bumble_bee
10879,bumble_bee
10880,bumble_bee
10881,bumble_bee
10882,bumble_bee
10883,bumble_bee
10884,bumble_bee
10885,bumble_bee
10886,bumble_bee
10887,bumble_bee
10888,bumble_bee
10889,bumble_bee
10890,bumble_bee
10891,bumble_bee
10892,bumble_bee
10893,bumble_bee
10894,honey_bee
10895,bumble_bee
10896,bumble_bee
10897,bumble_bee
10898,bumble_bee
10899,bumble_bee
10900,bumble_bee
10901,honey_bee
10902,bumble_bee
10903,bumble_bee
10904,bumble_bee
10905,honey_bee
10906,bumble_bee
10907,honey_bee
10908,honey_bee
10909,bumble_bee
10910,bumble_bee
10911,bumble_bee
10912,honey_bee
10913,bumble_bee
10914,bumble_bee
10915,bumble_bee
10916,bumble_bee
10917,honey_bee
10918,bumble_bee
10919,bumble_bee
10920,bumble_bee
10921,honey_bee
10922,bumble_bee
10923,bumble_bee
10924,bumble_bee
10925,honey_bee
10926,bumble_bee
10927,bumble_bee
10928,bumble_bee
10929,honey_bee
10930,bumble_bee
10931,bumble_bee
10932,bumble_bee
10933,bumble_bee
10934,bumble_bee
10935,bumble_bee
10936,bumble_bee
10937,bumble_bee
10938,bumble_bee
10939,honey_bee
10940,bumble_bee
10941,bumble_bee
10942,bumble_bee
10943,bumble_bee
10944,bumble_bee
10945,bumble_bee
10946,bumble_bee
10947,bumble_bee
10948,bumble_bee
10949,honey_bee
10950,honey_bee
10951,bumble_bee
10952,honey_bee
10953,bumble_bee
10954,bumble_bee
10955,bumble_bee
10956,bumble_bee
10957,honey_bee
10958,bumble_bee
10959,bumble_bee
10960,honey_bee
10961,bumble_bee
10962,bumble_bee
10963,bumble_bee
10964,bumble_bee
10965,honey_bee
10966,bumble_bee
10967,bumble_bee
10968,bumble_bee
10969,bumble_bee
10970,bumble_bee
10971,honey_bee
10972,bumble_bee
10973,honey_bee
10974,honey_bee
10975,bumble_bee
10976,bumble_bee
10977,bumble_bee
10978,bumble_bee
10979,bumble_bee
10980,bumble_bee
10981,bumble_bee
10982,bumble_bee
10983,bumble_bee
10984,honey_bee
10985,honey_bee
10986,bumble_bee
10987,bumble_bee
10988,honey_bee
10989,honey_bee
10990,bumble_bee
10991,bumble_bee
10992,bumble_bee
10993,bumble_bee
10994,bumble_bee
10995,bumble_bee
10996,bumble_bee
10997,bumble_bee
10998,bumble_bee
10999,bumble_bee
11000,bumble_bee
11001,honey_bee
11002,bumble_bee
11003,bumble_bee
11004,bumble_bee
11005,bumble_bee
11006,bumble_bee
11007,bumble_bee
11008,honey_bee
11009,bumble_bee
11010,bumble_bee
11011,bumble_bee
11012,bumble_bee
11013,bumble_bee
11014,bumble_bee
11015,honey_bee
11016,bumble_bee
11017,bumble_bee
11018,bumble_bee
11019,bumble_bee
11020,bumble_bee
11021,honey_bee
11022,bumble_bee
11023,bumble_bee
11024,bumble_bee
11025,bumble_bee
11026,bumble_bee
11027,bumble_bee
11028,honey_bee
11029,honey_bee
11030,honey_bee
11031,bumble_bee
11032,bumble_bee
11033,bumble_bee
11034,bumble_bee
11035,honey_bee
11036,bumble_bee
11037,bumble_bee
11038,bumble_bee
11039,bumble_bee
11040,bumble_bee
11041,bumble_bee
11042,bumble_bee
11043,honey_bee
11044,bumble_bee
11045,bumble_bee
11046,honey_bee
11047,bumble_bee
11048,bumble_bee
11049,bumble_bee
11050,bumble_bee
11051,honey_bee
11052,bumble_bee
11053,bumble_bee
11054,bumble_bee
11055,bumble_bee
11056,honey_bee
11057,bumble_bee
11058,honey_bee
11059,bumble_bee
11060,honey_bee
11061,bumble_bee
11062,honey_bee
11063,bumble_bee
11064,bumble_bee
11065,bumble_bee
11066,bumble_bee
11067,bumble_bee
11068,honey_bee
11069,honey_bee
11070,bumble_bee
11071,honey_bee
11072,bumble_bee
11073,bumble_bee
11074,bumble_bee
11075,bumble_bee
11076,bumble_bee
11077,bumble_bee
11078,honey_bee
11079,bumble_bee
11080,bumble_bee
11081,bumble_bee
11082,bumble_bee
11083,bumble_bee
11084,bumble_bee
11085,bumble_bee
11086,bumble_bee
11087,bumble_bee
11088,bumble_bee
11089,honey_bee
11090,bumble_bee
11091,bumble_bee
11092,bumble_bee
11093,bumble_bee
11094,bumble_bee
11095,honey_bee
11096,honey_bee
11097,bumble_bee
11098,bumble_bee
11099,bumble_bee
11100,bumble_bee
11101,bumble_bee
11102,bumble_bee
11103,bumble_bee
11104,honey_bee
11105,bumble_bee
11106,bumble_bee
11107,bumble_bee
11108,bumble_bee
11109,bumble_bee
11110,bumble_bee
11111,honey_bee
11112,bumble_bee
11113,bumble_bee
11114,bumble_bee
11115,bumble_bee
11116,bumble_bee
11117,bumble_bee
11118,bumble_bee
11119,bumble_bee
11120,bumble_bee
11121,bumble_bee
11122,bumble_bee
11123,bumble_bee
11124,bumble_bee
11125,honey_bee
11126,bumble_bee
11127,bumble_bee
11128,bumble_bee
11129,bumble_bee
11130,bumble_bee
11131,bumble_bee
11132,honey_bee
11133,bumble_bee
11134,bumble_bee
11135,bumble_bee
11136,honey_bee
11137,bumble_bee
11138,honey_bee
11139,bumble_bee
11140,bumble_bee
11141,bumble_bee
11142,bumble_bee
11143,bumble_bee
11144,honey_bee
11145,bumble_bee
11146,honey_bee
11147,honey_bee
11148,bumble_bee
11149,bumble_bee
11150,bumble_bee
11151,bumble_bee
11152,honey_bee
11153,bumble_bee
11154,honey_bee
11155,bumble_bee
11156,bumble_bee
11157,bumble_bee
11158,bumble_bee
11159,bumble_bee
11160,honey_bee
11161,bumble_bee
11162,bumble_bee
11163,honey_bee
11164,bumble_bee
11165,bumble_bee
11166,bumble_bee
11167,bumble_bee
11168,bumble_bee
11169,bumble_bee
11170,honey_bee
11171,bumble_bee
11172,bumble_bee
11173,honey_bee
11174,bumble_bee
11175,bumble_bee
11176,honey_bee
11177,honey_bee
11178,bumble_bee
11179,honey_bee
11180,bumble_bee
11181,honey_bee
11182,bumble_bee
11183,bumble_bee
11184,bumble_bee
11185,honey_bee
11186,bumble_bee
11187,bumble_bee
11188,bumble_bee
11189,bumble_bee
11190,honey_bee
11191,bumble_bee
11192,bumble_bee
11193,bumble_bee
11194,bumble_bee
11195,bumble_bee
11196,honey_bee
11197,bumble_bee
11198,honey_bee
11199,bumble_bee
11200,bumble_bee
11201,bumble_bee
11202,honey_bee
11203,honey_bee
11204,bumble_bee
11205,bumble_bee
11206,bumble_bee
11207,bumble_bee
11208,bumble_bee
11209,bumble_bee
11210,bumble_bee
11211,honey_bee
11212,honey_bee
11213,bumble_bee
11214,bumble_bee
11215,bumble_bee
11216,honey_bee
11217,bumble_bee
11218,honey_bee
11219,bumble_bee
11220,honey_bee
11221,bumble_bee
11222,honey_bee
11223,honey_bee
11224,honey_bee
11225,honey_bee
11226,honey_bee
11227,bumble_bee
11228,bumble_bee
11229,bumble_bee
11230,bumble_bee
11231,bumble_bee
11232,bumble_bee
11233,bumble_bee
11234,bumble_bee
11235,bumble_bee
11236,honey_bee
11237,honey_bee
11238,bumble_bee
11239,bumble_bee
11240,bumble_bee
11241,bumble_bee
11242,bumble_bee
11243,honey_bee
11244,bumble_bee
11245,bumble_bee
11246,honey_bee
11247,honey_bee
11248,bumble_bee
11249,bumble_bee
11250,bumble_bee
11251,bumble_bee
11252,bumble_bee
11253,bumble_bee
11254,bumble_bee
11255,bumble_bee
11256,bumble_bee
11257,bumble_bee
11258,bumble_bee
11259,bumble_bee
11260,bumble_bee
11261,bumble_bee
11262,bumble_bee
11263,honey_bee
11264,bumble_bee
11265,bumble_bee
11266,bumble_bee
11267,bumble_bee
11268,bumble_bee
11269,bumble_bee
11270,bumble_bee
11271,bumble_bee
11272,bumble_bee
11273,bumble_bee
11274,honey_bee
11275,honey_bee
11276,honey_bee
11277,bumble_bee
11278,honey_bee
11279,bumble_bee
11280,bumble_bee
11281,bumble_bee
11282,honey_bee
11283,bumble_bee
11284,bumble_bee
11285,bumble_bee
11286,bumble_bee
11287,bumble_bee
11288,bumble_bee
11289,bumble_bee
11290,bumble_bee
11291,honey_bee
11292,bumble_bee
11293,bumble_bee
11294,bumble_bee
11295,bumble_bee
11296,bumble_bee
11297,honey_bee
11298,bumble_bee
11299,bumble_bee
11300,bumble_bee
11301,bumble_bee
11302,bumble_bee
11303,honey_bee
11304,honey_bee
11305,bumble_bee
11306,bumble_bee
11307,bumble_bee
11308,bumble_bee
11309,bumble_bee
11310,bumble_bee
11311,bumble_bee
11312,bumble_bee
11313,honey_bee
11314,bumble_bee
11315,bumble_bee
11316,bumble_bee
11317,bumble_bee
11318,bumble_bee
11319,bumble_bee
11320,bumble_bee
11321,bumble_bee
11322,bumble_bee
11323,bumble_bee
11324,bumble_bee
11325,honey_bee
11326,bumble_bee
11327,bumble_bee
11328,bumble_bee
11329,bumble_bee
11330,bumble_bee
11331,bumble_bee
11332,bumble_bee
11333,bumble_bee
11334,bumble_bee
11335,bumble_bee
11336,honey_bee
11337,bumble_bee
11338,bumble_bee
11339,bumble_bee
11340,honey_bee
11341,bumble_bee
11342,bumble_bee
11343,bumble_bee
11344,bumble_bee
11345,honey_bee
11346,bumble_bee
11347,bumble_bee
11348,bumble_bee
11349,bumble_bee
11350,bumble_bee
11351,bumble_bee
11352,bumble_bee
11353,bumble_bee
11354,honey_bee
11355,bumble_bee
11356,bumble_bee
11357,bumble_bee
11358,bumble_bee
11359,bumble_bee
11360,bumble_bee
11361,honey_bee
11362,bumble_bee
11363,bumble_bee
11364,bumble_bee
11365,bumble_bee
11366,bumble_bee
11367,bumble_bee
11368,honey_bee
11369,honey_bee
11370,bumble_bee
11371,bumble_bee
11372,honey_bee
11373,bumble_bee
11374,bumble_bee
11375,honey_bee
11376,bumble_bee
11377,bumble_bee
11378,bumble_bee
11379,bumble_bee
11380,bumble_bee
11381,bumble_bee
11382,bumble_bee
11383,bumble_bee
11384,bumble_bee
11385,bumble_bee
11386,bumble_bee
11387,bumble_bee
11388,bumble_bee
11389,bumble_bee
11390,honey_bee
11391,bumble_bee
11392,bumble_bee
11393,bumble_bee
11394,bumble_bee
11395,bumble_bee
11396,bumble_bee
11397,bumble_bee
11398,honey_bee
11399,honey_bee
11400,bumble_bee
11401,bumble_bee
11402,bumble_bee
11403,bumble_bee
11404,bumble_bee
11405,bumble_bee
11406,bumble_bee
11407,bumble_bee
11408,bumble_bee
11409,bumble_bee
11410,bumble_bee
11411,bumble_bee
11412,honey_bee
11413,bumble_bee
11414,bumble_bee
11415,bumble_bee
11416,bumble_bee
11417,honey_bee
11418,bumble_bee
11419,bumble_bee
11420,bumble_bee
11421,bumble_bee
11422,bumble_bee
11423,bumble_bee
11424,bumble_bee
11425,bumble_bee
11426,bumble_bee
11427,honey_bee
11428,bumble_bee
11429,bumble_bee
11430,bumble_bee
11431,bumble_bee
11432,bumble_bee
11433,bumble_bee
11434,bumble_bee
11435,bumble_bee
11436,bumble_bee
11437,bumble_bee
11438,bumble_bee
11439,bumble_bee
11440,bumble_bee
11441,bumble_bee
11442,bumble_bee
11443,bumble_bee
11444,bumble_bee
11445,honey_bee
11446,bumble_bee
11447,bumble_bee
11448,bumble_bee
11449,bumble_bee
11450,bumble_bee
11451,honey_bee
11452,honey_bee
11453,bumble_bee
11454,bumble_bee
11455,honey_bee
11456,honey_bee
11457,bumble_bee
11458,bumble_bee
11459,bumble_bee
11460,bumble_bee
11461,bumble_bee
11462,bumble_bee
11463,bumble_bee
11464,bumble_bee
11465,bumble_bee
11466,bumble_bee
11467,honey_bee
11468,bumble_bee
11469,bumble_bee
11470,honey_bee
11471,bumble_bee
11472,honey_bee
11473,bumble_bee
11474,honey_bee
11475,bumble_bee
11476,bumble_bee
11477,honey_bee
11478,bumble_bee
11479,bumble_bee
11480,honey_bee
11481,bumble_bee
11482,bumble_bee
11483,bumble_bee
11484,bumble_bee
11485,bumble_bee
11486,bumble_bee
11487,bumble_bee
11488,bumble_bee
11489,bumble_bee
11490,honey_bee
11491,bumble_bee
11492,bumble_bee
11493,honey_bee
11494,honey_bee
11495,honey_bee
11496,bumble_bee
11497,bumble_bee
11498,bumble_bee
11499,bumble_bee
11500,bumble_bee
11501,bumble_bee
11502,honey_bee
11503,bumble_bee
11504,bumble_bee
11505,bumble_bee
11506,bumble_bee
11507,honey_bee
11508,bumble_bee
11509,bumble_bee
11510,bumble_bee
11511,bumble_bee
11512,bumble_bee
11513,honey_bee
11514,bumble_bee
11515,bumble_bee
11516,bumble_bee
11517,bumble_bee
11518,bumble_bee
11519,bumble_bee
11520,honey_bee
11521,honey_bee
11522,honey_bee
11523,bumble_bee
11524,bumble_bee
11525,bumble_bee
11526,bumble_bee
11527,honey_bee
11528,honey_bee
11529,bumble_bee
11530,bumble_bee
11531,honey_bee
11532,bumble_bee
11533,bumble_bee
11534,bumble_bee
11535,honey_bee
11536,bumble_bee
11537,bumble_bee
11538,bumble_bee
11539,bumble_bee
11540,bumble_bee
11541,bumble_bee
11542,honey_bee
11543,bumble_bee
11544,bumble_bee
11545,honey_bee
11546,honey_bee
11547,bumble_bee
11548,honey_bee
11549,bumble_bee
11550,bumble_bee
11551,bumble_bee
11552,honey_bee
11553,bumble_bee
11554,honey_bee
11555,bumble_bee
11556,bumble_bee
11557,bumble_bee
11558,bumble_bee
11559,bumble_bee
11560,bumble_bee
11561,honey_bee
11562,bumble_bee
11563,bumble_bee
11564,bumble_bee
11565,bumble_bee
11566,honey_bee
11567,bumble_bee
11568,honey_bee
11569,bumble_bee
11570,honey_bee
11571,bumble_bee
11572,bumble_bee
11573,honey_bee
11574,honey_bee
11575,bumble_bee
11576,bumble_bee
11577,bumble_bee
11578,bumble_bee
11579,honey_bee
11580,bumble_bee
11581,bumble_bee
11582,bumble_bee
11583,honey_bee
11584,bumble_bee
11585,bumble_bee
11586,bumble_bee
11587,bumble_bee
11588,bumble_bee
11589,bumble_bee
11590,bumble_bee
11591,honey_bee
11592,honey_bee
11593,bumble_bee
11594,honey_bee
11595,bumble_bee
11596,honey_bee
11597,bumble_bee
11598,bumble_bee
11599,bumble_bee
11600,bumble_bee
11601,bumble_bee
11602,bumble_bee
11603,bumble_bee
11604,bumble_bee
11605,honey_bee
11606,bumble_bee
11607,bumble_bee
11608,honey_bee
11609,honey_bee
11610,bumble_bee
11611,bumble_bee
11612,bumble_bee
11613,bumble_bee
11614,bumble_bee
11615,bumble_bee
11616,bumble_bee
11617,bumble_bee
11618,bumble_bee
11619,bumble_bee
11620,honey_bee
11621,honey_bee
11622,bumble_bee
11623,bumble_bee
11624,bumble_bee
11625,bumble_bee
11626,bumble_bee
11627,bumble_bee
11628,bumble_bee
11629,bumble_bee
11630,honey_bee
11631,bumble_bee
11632,bumble_bee
11633,bumble_bee
11634,bumble_bee
11635,bumble_bee
11636,bumble_bee
11637,honey_bee
11638,bumble_bee
11639,bumble_bee
11640,bumble_bee
11641,honey_bee
11642,bumble_bee
11643,bumble_bee
11644,bumble_bee
11645,bumble_bee
11646,bumble_bee
11647,honey_bee
11648,honey_bee
11649,bumble_bee
11650,bumble_bee
11651,bumble_bee
11652,bumble_bee
11653,bumble_bee
11654,bumble_bee
11655,bumble_bee
11656,bumble_bee
11657,bumble_bee
11658,honey_bee
11659,bumble_bee
11660,bumble_bee
11661,bumble_bee
11662,honey_bee
11663,bumble_bee
11664,bumble_bee
11665,bumble_bee
11666,bumble_bee
11667,bumble_bee
11668,bumble_bee
11669,bumble_bee
11670,bumble_bee
11671,bumble_bee
11672,bumble_bee
11673,bumble_bee
11674,bumble_bee
11675,bumble_bee
11676,bumble_bee
11677,honey_bee
11678,bumble_bee
11679,bumble_bee
11680,bumble_bee
11681,honey_bee
11682,bumble_bee
11683,honey_bee
11684,bumble_bee
11685,bumble_bee
11686,bumble_bee
11687,bumble_bee
11688,bumble_bee
11689,bumble_bee
11690,bumble_bee
11691,bumble_bee
11692,bumble_bee
11693,bumble_bee
11694,bumble_bee
11695,bumble_bee
11696,bumble_bee
11697,honey_bee
11698,bumble_bee
11699,bumble_bee
11700,bumble_bee
11701,bumble_bee
11702,bumble_bee
11703,honey_bee
11704,bumble_bee
11705,bumble_bee
11706,bumble_bee
11707,bumble_bee
11708,bumble_bee
11709,bumble_bee
11710,bumble_bee
11711,bumble_bee
11712,bumble_bee
11713,bumble_bee
11714,bumble_bee
11715,bumble_bee
11716,bumble_bee
11717,bumble_bee
11718,honey_bee
11719,bumble_bee
11720,bumble_bee
11721,bumble_bee
11722,bumble_bee
11723,bumble_bee
11724,honey_bee
11725,bumble_bee
11726,bumble_bee
11727,bumble_bee
11728,bumble_bee
11729,bumble_bee
11730,bumble_bee
11731,honey_bee
11732,bumble_bee
11733,bumble_bee
11734,bumble_bee
11735,honey_bee
11736,bumble_bee
11737,bumble_bee
11738,honey_bee
11739,honey_bee
11740,honey_bee
11741,bumble_bee
11742,bumble_bee
11743,bumble_bee
11744,bumble_bee
11745,bumble_bee
11746,bumble_bee
11747,bumble_bee
11748,honey_bee
11749,bumble_bee
11750,bumble_bee
11751,bumble_bee
11752,bumble_bee
11753,bumble_bee
11754,bumble_bee
11755,honey_bee
11756,bumble_bee
11757,bumble_bee
11758,bumble_bee
11759,honey_bee
11760,bumble_bee
11761,bumble_bee
11762,bumble_bee
11763,honey_bee
11764,bumble_bee
11765,bumble_bee
11766,bumble_bee
11767,bumble_bee
11768,bumble_bee
11769,bumble_bee
11770,bumble_bee
11771,honey_bee
11772,bumble_bee
11773,bumble_bee
11774,honey_bee
11775,bumble_bee
11776,honey_bee
11777,bumble_bee
11778,bumble_bee
11779,bumble_bee
11780,honey_bee
11781,bumble_bee
11782,bumble_bee
11783,bumble_bee
11784,bumble_bee
11785,bumble_bee
11786,honey_bee
11787,bumble_bee
11788,bumble_bee
11789,honey_bee
11790,bumble_bee
11791,bumble_bee
11792,bumble_bee
11793,bumble_bee
11794,bumble_bee
11795,bumble_bee
11796,bumble_bee
11797,bumble_bee
11798,honey_bee
11799,honey_bee
11800,honey_bee
11801,bumble_bee
11802,bumble_bee
11803,bumble_bee
11804,bumble_bee
11805,bumble_bee
11806,bumble_bee
11807,bumble_bee
11808,bumble_bee
11809,honey_bee
11810,bumble_bee
11811,bumble_bee
11812,bumble_bee
11813,bumble_bee
11814,bumble_bee
11815,bumble_bee
11816,bumble_bee
11817,bumble_bee
11818,honey_bee
11819,bumble_bee
11820,honey_bee
11821,bumble_bee
11822,bumble_bee
11823,bumble_bee
11824,honey_bee
11825,bumble_bee
11826,honey_bee
11827,bumble_bee
11828,bumble_bee
11829,bumble_bee
11830,bumble_bee
11831,bumble_bee
11832,bumble_bee
11833,honey_bee
11834,honey_bee
11835,bumble_bee
11836,bumble_bee
11837,honey_bee
11838,bumble_bee
11839,bumble_bee
11840,bumble_bee
11841,bumble_bee
11842,bumble_bee
11843,bumble_bee
11844,bumble_bee
11845,bumble_bee
11846,bumble_bee
11847,bumble_bee
11848,bumble_bee
11849,bumble_bee
11850,bumble_bee
11851,bumble_bee
11852,bumble_bee
11853,bumble_bee
11854,bumble_bee
11855,honey_bee
11856,bumble_bee
11857,honey_bee
11858,bumble_bee
11859,bumble_bee
11860,honey_bee
11861,bumble_bee
11862,bumble_bee
11863,bumble_bee
11864,honey_bee
11865,bumble_bee
11866,bumble_bee
11867,bumble_bee
11868,bumble_bee
11869,bumble_bee
11870,honey_bee
11871,honey_bee
11872,honey_bee
11873,honey_bee
11874,bumble_bee
11875,honey_bee
11876,bumble_bee
11877,bumble_bee
11878,bumble_bee
11879,bumble_bee
11880,bumble_bee
11881,bumble_bee
11882,bumble_bee
11883,bumble_bee
11884,bumble_bee
11885,bumble_bee
11886,honey_bee
11887,bumble_bee
11888,bumble_bee
11889,bumble_bee
11890,bumble_bee
11891,honey_bee
11892,bumble_bee
11893,bumble_bee
11894,bumble_bee
11895,bumble_bee
11896,bumble_bee
11897,honey_bee
11898,bumble_bee
11899,honey_bee
11900,bumble_bee
11901,bumble_bee
11902,bumble_bee
11903,bumble_bee
11904,bumble_bee
11905,bumble_bee
11906,bumble_bee
11907,bumble_bee
11908,honey_bee
11909,bumble_bee
11910,bumble_bee
11911,honey_bee
11912,bumble_bee
11913,bumble_bee
11914,bumble_bee
11915,bumble_bee
11916,bumble_bee
11917,honey_bee
11918,bumble_bee
11919,bumble_bee
11920,bumble_bee
11921,bumble_bee
11922,bumble_bee
11923,bumble_bee
11924,bumble_bee
11925,bumble_bee
11926,bumble_bee
11927,bumble_bee
11928,bumble_bee
11929,bumble_bee
11930,honey_bee
11931,bumble_bee
11932,bumble_bee
11933,bumble_bee
11934,bumble_bee
11935,bumble_bee
11936,bumble_bee
11937,bumble_bee
11938,bumble_bee
11939,bumble_bee
11940,bumble_bee
11941,bumble_bee
11942,bumble_bee
11943,honey_bee
11944,bumble_bee
11945,honey_bee
11946,bumble_bee
11947,bumble_bee
11948,bumble_bee
11949,bumble_bee
11950,bumble_bee
11951,bumble_bee
11952,bumble_bee
11953,bumble_bee
11954,bumble_bee
11955,bumble_bee
11956,bumble_bee
11957,bumble_bee
11958,bumble_bee
11959,bumble_bee
11960,bumble_bee
11961,bumble_bee
11962,bumble_bee
11963,bumble_bee
11964,bumble_bee
11965,bumble_bee
11966,bumble_bee
11967,honey_bee
11968,honey_bee
11969,bumble_bee
11970,bumble_bee
11971,bumble_bee
11972,bumble_bee
11973,bumble_bee
11974,bumble_bee
11975,bumble_bee
11976,bumble_bee
11977,bumble_bee
11978,bumble_bee
11979,bumble_bee
11980,honey_bee
11981,bumble_bee
11982,bumble_bee
11983,bumble_bee
11984,honey_bee
11985,bumble_bee
11986,bumble_bee
11987,bumble_bee
11988,bumble_bee
11989,bumble_bee
11990,bumble_bee
11991,bumble_bee
11992,honey_bee
11993,bumble_bee
11994,bumble_bee
11995,bumble_bee
11996,bumble_bee
11997,honey_bee
11998,bumble_bee
11999,honey_bee
12000,bumble_bee
12001,bumble_bee
12002,bumble_bee
12003,honey_bee
12004,bumble_bee
12005,bumble_bee
12006,bumble_bee
12007,bumble_bee
12008,bumble_bee
12009,bumble_bee
12010,bumble_bee
12011,bumble_bee
12012,honey_bee
12013,bumble_bee
12014,honey_bee
12015,honey_bee
12016,bumble_bee
12017,bumble_bee
12018,bumble_bee
12019,bumble_bee
12020,bumble_bee
12021,honey_bee
12022,bumble_bee
12023,bumble_bee
12024,bumble_bee
12025,bumble_bee
12026,bumble_bee
12027,bumble_bee
12028,honey_bee
12029,bumble_bee
12030,bumble_bee
12031,bumble_bee
12032,bumble_bee
12033,bumble_bee
12034,bumble_bee
12035,bumble_bee
12036,bumble_bee
12037,honey_bee
12038,bumble_bee
12039,honey_bee
12040,bumble_bee
12041,honey_bee
12042,bumble_bee
12043,bumble_bee
12044,bumble_bee
12045,bumble_bee
12046,bumble_bee
12047,bumble_bee
12048,bumble_bee
12049,bumble_bee
12050,bumble_bee
12051,bumble_bee
12052,honey_bee
12053,bumble_bee
12054,honey_bee
12055,bumble_bee
12056,bumble_bee
12057,bumble_bee
12058,honey_bee
12059,bumble_bee
12060,bumble_bee
12061,bumble_bee
12062,bumble_bee
12063,bumble_bee
12064,bumble_bee
12065,bumble_bee
12066,bumble_bee
12067,bumble_bee
12068,bumble_bee
12069,bumble_bee
12070,bumble_bee
12071,bumble_bee
12072,honey_bee
12073,bumble_bee
12074,bumble_bee
12075,bumble_bee
12076,bumble_bee
12077,bumble_bee
12078,honey_bee
12079,bumble_bee
12080,bumble_bee
12081,bumble_bee
12082,bumble_bee
12083,bumble_bee
12084,bumble_bee
12085,honey_bee
12086,bumble_bee
12087,honey_bee
12088,bumble_bee
12089,bumble_bee
12090,honey_bee
12091,bumble_bee
12092,bumble_bee
12093,honey_bee
12094,bumble_bee
12095,bumble_bee
12096,bumble_bee
12097,bumble_bee
12098,honey_bee
12099,bumble_bee
12100,bumble_bee
12101,honey_bee
12102,bumble_bee
12103,bumble_bee
12104,bumble_bee
12105,bumble_bee
12106,bumble_bee
12107,honey_bee
12108,honey_bee
12109,bumble_bee
12110,bumble_bee
12111,bumble_bee
12112,bumble_bee
12113,bumble_bee
12114,bumble_bee
12115,honey_bee
12116,bumble_bee
12117,bumble_bee
12118,bumble_bee
12119,honey_bee
12120,bumble_bee
12121,honey_bee
12122,bumble_bee
12123,bumble_bee
12124,bumble_bee
12125,bumble_bee
12126,bumble_bee
12127,bumble_bee
12128,bumble_bee
12129,bumble_bee
12130,bumble_bee
12131,bumble_bee
12132,bumble_bee
12133,honey_bee
12134,bumble_bee
12135,bumble_bee
12136,bumble_bee
12137,bumble_bee
12138,honey_bee
12139,bumble_bee
12140,honey_bee
12141,honey_bee
12142,bumble_bee
12143,bumble_bee
12144,bumble_bee
12145,bumble_bee
12146,honey_bee
12147,bumble_bee
12148,bumble_bee
12149,bumble_bee
12150,bumble_bee
12151,bumble_bee
12152,honey_bee
12153,bumble_bee
12154,bumble_bee
12155,bumble_bee
12156,bumble_bee
12157,bumble_bee
12158,bumble_bee
12159,bumble_bee
12160,bumble_bee
12161,bumble_bee
12162,bumble_bee
12163,bumble_bee
12164,bumble_bee
12165,bumble_bee
12166,bumble_bee
12167,bumble_bee
12168,bumble_bee
12169,honey_bee
12170,honey_bee
12171,bumble_bee
12172,bumble_bee
12173,bumble_bee
12174,bumble_bee
12175,bumble_bee
12176,bumble_bee
12177,bumble_bee
12178,bumble_bee
12179,bumble_bee
12180,bumble_bee
12181,bumble_bee
12182,honey_bee
12183,bumble_bee
12184,honey_bee
12185,bumble_bee
12186,bumble_bee
12187,bumble_bee
12188,bumble_bee
12189,bumble_bee
12190,bumble_bee
12191,bumble_bee
12192,honey_bee
12193,bumble_bee
12194,honey_bee
12195,bumble_bee
12196,bumble_bee
12197,bumble_bee
12198,bumble_bee
12199,bumble_bee
12200,bumble_bee
12201,honey_bee
12202,bumble_bee
12203,bumble_bee
12204,bumble_bee
12205,honey_bee
12206,bumble_bee
12207,bumble_bee
12208,honey_bee
12209,bumble_bee
12210,bumble_bee
12211,bumble_bee
12212,bumble_bee
12213,bumble_bee
12214,bumble_bee
12215,bumble_bee
12216,bumble_bee
12217,bumble_bee
12218,bumble_bee
12219,bumble_bee
12220,bumble_bee
12221,honey_bee
12222,bumble_bee
12223,bumble_bee
12224,bumble_bee
12225,honey_bee
12226,bumble_bee
12227,bumble_bee
12228,honey_bee
12229,honey_bee
12230,bumble_bee
12231,honey_bee
12232,bumble_bee
12233,bumble_bee
12234,honey_bee
12235,honey_bee
12236,bumble_bee
12237,bumble_bee
12238,bumble_bee
12239,honey_bee
12240,bumble_bee
12241,bumble_bee
12242,honey_bee
12243,bumble_bee
12244,bumble_bee
12245,bumble_bee
12246,bumble_bee
12247,bumble_bee
12248,honey_bee
12249,bumble_bee
12250,bumble_bee
12251,honey_bee
12252,bumble_bee
12253,bumble_bee
12254,bumble_bee
12255,bumble_bee
12256,bumble_bee
12257,bumble_bee
12258,bumble_bee
12259,bumble_bee
12260,bumble_bee
12261,bumble_bee
12262,bumble_bee
12263,bumble_bee
12264,bumble_bee
12265,bumble_bee
12266,bumble_bee
12267,bumble_bee
12268,bumble_bee
12269,bumble_bee
12270,bumble_bee
12271,bumble_bee
12272,honey_bee
12273,bumble_bee
12274,bumble_bee
12275,honey_bee
12276,bumble_bee
12277,bumble_bee
12278,bumble_bee
12279,bumble_bee
12280,bumble_bee
12281,bumble_bee
12282,bumble_bee
12283,bumble_bee
12284,bumble_bee
12285,bumble_bee
12286,bumble_bee
12287,bumble_bee
12288,bumble_bee
12289,bumble_bee
12290,bumble_bee
12291,bumble_bee
12292,bumble_bee
12293,bumble_bee
12294,bumble_bee
12295,bumble_bee
12296,bumble_bee
12297,honey_bee
12298,bumble_bee
12299,bumble_bee
12300,bumble_bee
12301,bumble_bee
12302,bumble_bee
12303,bumble_bee
12304,bumble_bee
12305,bumble_bee
12306,bumble_bee
12307,honey_bee
12308,bumble_bee
12309,bumble_bee
12310,bumble_bee
12311,bumble_bee
12312,bumble_bee
12313,honey_bee
12314,bumble_bee
12315,bumble_bee
12316,bumble_bee
12317,bumble_bee
12318,bumble_bee
12319,bumble_bee
12320,bumble_bee
12321,bumble_bee
12322,honey_bee
12323,bumble_bee
12324,bumble_bee
12325,honey_bee
12326,honey_bee
12327,bumble_bee
12328,bumble_bee
12329,bumble_bee
12330,bumble_bee
12331,bumble_bee
12332,bumble_bee
12333,bumble_bee
12334,honey_bee
12335,honey_bee
12336,bumble_bee
12337,bumble_bee
12338,bumble_bee
12339,honey_bee
12340,bumble_bee
12341,honey_bee
12342,bumble_bee
12343,bumble_bee
12344,honey_bee
12345,bumble_bee
12346,bumble_bee
12347,bumble_bee
12348,bumble_bee
12349,bumble_bee
12350,bumble_bee
12351,bumble_bee
12352,bumble_bee
12353,bumble_bee
12354,bumble_bee
12355,bumble_bee
12356,honey_bee
12357,bumble_bee
12358,honey_bee
12359,bumble_bee
12360,bumble_bee
12361,honey_bee
12362,bumble_bee
12363,bumble_bee
12364,bumble_bee
12365,bumble_bee
12366,bumble_bee
12367,honey_bee
12368,bumble_bee
12369,bumble_bee
12370,bumble_bee
12371,honey_bee
12372,bumble_bee
12373,bumble_bee
12374,honey_bee
12375,bumble_bee
12376,bumble_bee
12377,bumble_bee
12378,bumble_bee
12379,bumble_bee
12380,bumble_bee
12381,bumble_bee
12382,bumble_bee
12383,bumble_bee
12384,bumble_bee
12385,honey_bee
12386,honey_bee
12387,bumble_bee
12388,bumble_bee
12389,bumble_bee
12390,bumble_bee
12391,bumble_bee
12392,bumble_bee
12393,bumble_bee
12394,bumble_bee
12395,bumble_bee
12396,bumble_bee
12397,bumble_bee
12398,honey_bee
12399,bumble_bee
12400,bumble_bee
12401,honey_bee
12402,bumble_bee
12403,bumble_bee
12404,honey_bee
12405,honey_bee
12406,bumble_bee
12407,bumble_bee
12408,bumble_bee
12409,bumble_bee
12410,bumble_bee
12411,bumble_bee
12412,bumble_bee
12413,bumble_bee
12414,honey_bee
12415,honey_bee
12416,bumble_bee
12417,bumble_bee
12418,bumble_bee
12419,bumble_bee
12420,bumble_bee
12421,honey_bee
12422,bumble_bee
12423,bumble_bee
12424,bumble_bee
12425,bumble_bee
12426,honey_bee
12427,honey_bee
12428,bumble_bee
12429,honey_bee
12430,bumble_bee
12431,bumble_bee
12432,bumble_bee
12433,bumble_bee
12434,bumble_bee
12435,honey_bee
12436,bumble_bee
12437,bumble_bee
12438,bumble_bee
12439,bumble_bee
12440,honey_bee
12441,bumble_bee
12442,bumble_bee
12443,bumble_bee
12444,bumble_bee
12445,bumble_bee
12446,bumble_bee
12447,bumble_bee
12448,bumble_bee
12449,honey_bee
12450,bumble_bee
12451,bumble_bee
12452,honey_bee
12453,honey_bee
12454,honey_bee
12455,bumble_bee
12456,bumble_bee
12457,bumble_bee
12458,bumble_bee
12459,bumble_bee
12460,bumble_bee
12461,bumble_bee
12462,bumble_bee
12463,bumble_bee
12464,bumble_bee
12465,bumble_bee
12466,bumble_bee
12467,bumble_bee
12468,bumble_bee
12469,bumble_bee
12470,honey_bee
12471,honey_bee
12472,honey_bee
12473,honey_bee
12474,bumble_bee
12475,bumble_bee
12476,bumble_bee
12477,honey_bee
12478,bumble_bee
12479,bumble_bee
12480,bumble_bee
12481,honey_bee
12482,bumble_bee
12483,honey_bee
12484,honey_bee
12485,bumble_bee
12486,bumble_bee
12487,bumble_bee
12488,bumble_bee
12489,bumble_bee
12490,honey_bee
12491,bumble_bee
12492,bumble_bee
12493,honey_bee
12494,bumble_bee
12495,honey_bee
12496,bumble_bee
12497,bumble_bee
12498,bumble_bee
12499,bumble_bee
12500,bumble_bee
12501,bumble_bee
12502,bumble_bee
12503,bumble_bee
12504,bumble_bee
12505,bumble_bee
12506,bumble_bee
12507,honey_bee
12508,bumble_bee
12509,bumble_bee
12510,honey_bee
12511,bumble_bee
12512,bumble_bee
12513,bumble_bee
12514,bumble_bee
12515,bumble_bee
12516,bumble_bee
12517,honey_bee
12518,bumble_bee
12519,bumble_bee
12520,honey_bee
12521,bumble_bee
12522,bumble_bee
12523,bumble_bee
12524,bumble_bee
12525,honey_bee
12526,bumble_bee
12527,bumble_bee
12528,bumble_bee
12529,bumble_bee
12530,bumble_bee
12531,bumble_bee
12532,bumble_bee
12533,bumble_bee
12534,bumble_bee
12535,bumble_bee
12536,bumble_bee
12537,bumble_bee
12538,bumble_bee
12539,bumble_bee
12540,bumble_bee
12541,bumble_bee
12542,honey_bee
12543,bumble_bee
12544,honey_bee
12545,honey_bee
12546,bumble_bee
12547,honey_bee
12548,bumble_bee
12549,bumble_bee
12550,bumble_bee
12551,honey_bee
12552,honey_bee
12553,bumble_bee
12554,honey_bee
12555,honey_bee
12556,bumble_bee
12557,honey_bee
12558,bumble_bee
12559,bumble_bee
12560,bumble_bee
12561,bumble_bee
12562,bumble_bee
12563,bumble_bee
12564,honey_bee
12565,bumble_bee
12566,bumble_bee
12567,bumble_bee
12568,bumble_bee
12569,honey_bee
12570,honey_bee
12571,bumble_bee
12572,honey_bee
12573,honey_bee
12574,bumble_bee
12575,bumble_bee
12576,bumble_bee
12577,bumble_bee
12578,bumble_bee
12579,bumble_bee
12580,bumble_bee
12581,bumble_bee
12582,bumble_bee
12583,bumble_bee
12584,bumble_bee
12585,bumble_bee
12586,bumble_bee
12587,bumble_bee
12588,bumble_bee
12589,bumble_bee
12590,bumble_bee
12591,bumble_bee
12592,bumble_bee
12593,bumble_bee
12594,bumble_bee
12595,bumble_bee
12596,honey_bee
12597,bumble_bee
12598,honey_bee
12599,bumble_bee
12600,bumble_bee
12601,bumble_bee
12602,bumble_bee
12603,bumble_bee
12604,bumble_bee
12605,bumble_bee
12606,bumble_bee
12607,bumble_bee
12608,bumble_bee
12609,bumble_bee
12610,bumble_bee
12611,bumble_bee
12612,bumble_bee
12613,bumble_bee
12614,bumble_bee
12615,bumble_bee
12616,honey_bee
12617,bumble_bee
12618,bumble_bee
12619,bumble_bee
12620,bumble_bee
12621,bumble_bee
12622,bumble_bee
12623,bumble_bee
12624,honey_bee
12625,honey_bee
12626,bumble_bee
12627,bumble_bee
12628,bumble_bee
12629,honey_bee
12630,bumble_bee
12631,bumble_bee
12632,bumble_bee
12633,bumble_bee
12634,bumble_bee
12635,bumble_bee
12636,bumble_bee
12637,bumble_bee
12638,bumble_bee
12639,bumble_bee
12640,bumble_bee
12641,bumble_bee
12642,bumble_bee
12643,bumble_bee
12644,bumble_bee
12645,bumble_bee
12646,bumble_bee
12647,bumble_bee
12648,bumble_bee
12649,bumble_bee
12650,bumble_bee
12651,bumble_bee
12652,bumble_bee
12653,honey_bee
12654,bumble_bee
12655,bumble_bee
12656,bumble_bee
12657,bumble_bee
12658,bumble_bee
12659,honey_bee
12660,bumble_bee
12661,bumble_bee
12662,bumble_bee
12663,bumble_bee
12664,bumble_bee
12665,bumble_bee
12666,honey_bee
12667,bumble_bee
12668,bumble_bee
12669,bumble_bee
12670,bumble_bee
12671,bumble_bee
12672,honey_bee
12673,bumble_bee
12674,bumble_bee
12675,bumble_bee
12676,bumble_bee
12677,bumble_bee
12678,bumble_bee
12679,bumble_bee
12680,bumble_bee
12681,honey_bee
12682,bumble_bee
12683,bumble_bee
12684,bumble_bee
12685,bumble_bee
12686,honey_bee
12687,honey_bee
12688,honey_bee
12689,bumble_bee
12690,bumble_bee
12691,bumble_bee
12692,bumble_bee
12693,honey_bee
12694,bumble_bee
12695,honey_bee
12696,honey_bee
12697,honey_bee
12698,honey_bee
12699,bumble_bee
12700,bumble_bee
12701,bumble_bee
12702,bumble_bee
12703,bumble_bee
12704,bumble_bee
12705,bumble_bee
12706,bumble_bee
12707,bumble_bee
12708,honey_bee
12709,honey_bee
12710,bumble_bee
12711,bumble_bee
12712,bumble_bee
12713,bumble_bee
12714,bumble_bee
12715,bumble_bee
12716,bumble_bee
12717,bumble_bee
12718,honey_bee
12719,honey_bee
12720,bumble_bee
12721,bumble_bee
12722,bumble_bee
12723,bumble_bee
12724,bumble_bee
12725,honey_bee
12726,bumble_bee
12727,bumble_bee
12728,bumble_bee
12729,bumble_bee
12730,bumble_bee
12731,bumble_bee
12732,bumble_bee
12733,bumble_bee
12734,honey_bee
12735,bumble_bee
12736,bumble_bee
12737,bumble_bee
12738,bumble_bee
12739,bumble_bee
12740,honey_bee
12741,honey_bee
12742,bumble_bee
12743,bumble_bee
12744,bumble_bee
12745,honey_bee
12746,bumble_bee
12747,bumble_bee
12748,bumble_bee
12749,bumble_bee
12750,bumble_bee
12751,bumble_bee
12752,bumble_bee
12753,bumble_bee
12754,bumble_bee
12755,honey_bee
12756,honey_bee
12757,bumble_bee
12758,bumble_bee
12759,bumble_bee
12760,bumble_bee
12761,bumble_bee
12762,bumble_bee
12763,bumble_bee
12764,honey_bee
12765,bumble_bee
12766,bumble_bee
12767,honey_bee
12768,bumble_bee
12769,honey_bee
12770,honey_bee
12771,bumble_bee
12772,honey_bee
12773,bumble_bee
12774,bumble_bee
12775,bumble_bee
12776,honey_bee
12777,bumble_bee
12778,bumble_bee
12779,honey_bee
12780,honey_bee
12781,bumble_bee
12782,bumble_bee
12783,honey_bee
12784,bumble_bee
12785,bumble_bee
12786,bumble_bee
12787,honey_bee
12788,bumble_bee
12789,bumble_bee
12790,bumble_bee
12791,honey_bee
12792,bumble_bee
12793,bumble_bee
12794,bumble_bee
12795,bumble_bee
12796,bumble_bee
12797,bumble_bee
12798,bumble_bee
12799,bumble_bee
12800,honey_bee
12801,bumble_bee
12802,bumble_bee
12803,bumble_bee
12804,bumble_bee
12805,honey_bee
12806,honey_bee
12807,bumble_bee
12808,honey_bee
12809,honey_bee
12810,bumble_bee
12811,bumble_bee
12812,honey_bee
12813,honey_bee
12814,honey_bee
12815,bumble_bee
12816,bumble_bee
12817,bumble_bee
12818,bumble_bee
12819,bumble_bee
12820,bumble_bee
12821,bumble_bee
12822,honey_bee
12823,bumble_bee
12824,bumble_bee
12825,honey_bee
12826,bumble_bee
12827,bumble_bee
12828,bumble_bee
12829,honey_bee
12830,bumble_bee
12831,honey_bee
12832,bumble_bee
12833,bumble_bee
12834,bumble_bee
12835,honey_bee
12836,bumble_bee
12837,bumble_bee
12838,bumble_bee
12839,bumble_bee
12840,bumble_bee
12841,bumble_bee
12842,bumble_bee
12843,honey_bee
12844,bumble_bee
12845,bumble_bee
12846,bumble_bee
12847,bumble_bee
12848,bumble_bee
12849,bumble_bee
12850,honey_bee
12851,bumble_bee
12852,bumble_bee
12853,bumble_bee
12854,bumble_bee
12855,bumble_bee
12856,bumble_bee
12857,bumble_bee
12858,bumble_bee
12859,bumble_bee
12860,honey_bee
12861,bumble_bee
12862,bumble_bee
12863,bumble_bee
12864,honey_bee
12865,bumble_bee
12866,bumble_bee
12867,bumble_bee
12868,bumble_bee
12869,bumble_bee
12870,bumble_bee
12871,bumble_bee
12872,honey_bee
12873,honey_bee
12874,honey_bee
12875,bumble_bee
12876,bumble_bee
12877,bumble_bee
12878,bumble_bee
12879,bumble_bee
12880,bumble_bee
12881,bumble_bee
12882,bumble_bee
12883,bumble_bee
12884,bumble_bee
12885,bumble_bee
12886,bumble_bee
12887,bumble_bee
12888,bumble_bee
12889,bumble_bee
12890,bumble_bee
12891,honey_bee
12892,honey_bee
12893,bumble_bee
12894,honey_bee
12895,bumble_bee
12896,bumble_bee
12897,honey_bee
12898,bumble_bee
12899,bumble_bee
12900,bumble_bee
12901,bumble_bee
12902,bumble_bee
12903,bumble_bee
12904,bumble_bee
12905,honey_bee
12906,bumble_bee
12907,bumble_bee
12908,bumble_bee
12909,honey_bee
12910,honey_bee
12911,bumble_bee
12912,honey_bee
12913,bumble_bee
12914,bumble_bee
12915,bumble_bee
12916,bumble_bee
12917,honey_bee
12918,honey_bee
12919,honey_bee
12920,bumble_bee
12921,honey_bee
12922,honey_bee
12923,bumble_bee
12924,bumble_bee
12925,bumble_bee
12926,bumble_bee
12927,bumble_bee
12928,bumble_bee
12929,bumble_bee
12930,bumble_bee
12931,bumble_bee
12932,bumble_bee
12933,bumble_bee
12934,bumble_bee
12935,bumble_bee
12936,honey_bee
12937,honey_bee
12938,honey_bee
12939,bumble_bee
12940,bumble_bee
12941,bumble_bee
12942,bumble_bee
12943,bumble_bee
12944,bumble_bee
12945,bumble_bee
12946,bumble_bee
12947,bumble_bee
12948,honey_bee
12949,honey_bee
12950,bumble_bee
12951,bumble_bee
12952,bumble_bee
12953,bumble_bee
12954,bumble_bee
12955,bumble_bee
12956,bumble_bee
12957,bumble_bee
12958,bumble_bee
12959,bumble_bee
12960,bumble_bee
12961,bumble_bee
12962,bumble_bee
12963,bumble_bee
12964,bumble_bee
12965,bumble_bee
12966,bumble_bee
12967,bumble_bee
12968,honey_bee
12969,bumble_bee
12970,bumble_bee
12971,bumble_bee
12972,bumble_bee
12973,bumble_bee
12974,bumble_bee
12975,bumble_bee
12976,bumble_bee
12977,honey_bee
12978,bumble_bee
12979,bumble_bee
12980,honey_bee
12981,bumble_bee
12982,bumble_bee
12983,bumble_bee
12984,bumble_bee
12985,bumble_bee
12986,honey_bee
12987,bumble_bee
12988,bumble_bee
12989,bumble_bee
12990,honey_bee
12991,bumble_bee
12992,bumble_bee
12993,bumble_bee
12994,bumble_bee
12995,bumble_bee
12996,bumble_bee
12997,bumble_bee
12998,bumble_bee
12999,bumble_bee
13000,honey_bee
13001,bumble_bee
13002,bumble_bee
13003,bumble_bee
13004,bumble_bee
13005,bumble_bee
13006,bumble_bee
13007,bumble_bee
13008,honey_bee
13009,bumble_bee
13010,bumble_bee
13011,honey_bee
13012,honey_bee
13013,honey_bee
13014,bumble_bee
13015,bumble_bee
13016,honey_bee
13017,bumble_bee
13018,bumble_bee
13019,bumble_bee
13020,bumble_bee
13021,honey_bee
13022,bumble_bee
13023,honey_bee
13024,bumble_bee
13025,bumble_bee
13026,bumble_bee
13027,bumble_bee
13028,bumble_bee
13029,bumble_bee
13030,bumble_bee
13031,bumble_bee
13032,bumble_bee
13033,honey_bee
13034,bumble_bee
13035,bumble_bee
13036,bumble_bee
13037,honey_bee
13038,bumble_bee
13039,bumble_bee
13040,bumble_bee
13041,bumble_bee
13042,honey_bee
13043,bumble_bee
13044,bumble_bee
13045,honey_bee
13046,honey_bee
13047,bumble_bee
13048,bumble_bee
13049,bumble_bee
13050,bumble_bee
13051,bumble_bee
13052,bumble_bee
13053,bumble_bee
13054,bumble_bee
13055,bumble_bee
13056,bumble_bee
13057,bumble_bee
13058,bumble_bee
13059,bumble_bee
13060,bumble_bee
13061,bumble_bee
13062,bumble_bee
13063,bumble_bee
13064,bumble_bee
13065,honey_bee
13066,honey_bee
13067,bumble_bee
13068,bumble_bee
13069,bumble_bee
13070,bumble_bee
13071,honey_bee
13072,bumble_bee
13073,bumble_bee
13074,honey_bee
13075,bumble_bee
13076,bumble_bee
13077,bumble_bee
13078,bumble_bee
13079,bumble_bee
13080,bumble_bee
13081,bumble_bee
13082,bumble_bee
13083,bumble_bee
13084,bumble_bee
13085,bumble_bee
13086,honey_bee
13087,bumble_bee
13088,bumble_bee
13089,bumble_bee
13090,bumble_bee
13091,honey_bee
13092,bumble_bee
13093,honey_bee
13094,honey_bee
13095,honey_bee
13096,bumble_bee
13097,bumble_bee
13098,bumble_bee
13099,bumble_bee
13100,bumble_bee
13101,bumble_bee
13102,bumble_bee
13103,bumble_bee
13104,honey_bee
13105,bumble_bee
13106,bumble_bee
13107,bumble_bee
13108,bumble_bee
13109,bumble_bee
13110,bumble_bee
13111,bumble_bee
13112,honey_bee
13113,honey_bee
13114,bumble_bee
13115,bumble_bee
13116,bumble_bee
13117,bumble_bee
13118,honey_bee
13119,bumble_bee
13120,bumble_bee
13121,bumble_bee
13122,honey_bee
13123,bumble_bee
13124,bumble_bee
13125,bumble_bee
13126,bumble_bee
13127,bumble_bee
13128,bumble_bee
13129,honey_bee
13130,bumble_bee
13131,bumble_bee
13132,bumble_bee
13133,honey_bee
13134,bumble_bee
13135,bumble_bee
13136,honey_bee
13137,bumble_bee
13138,bumble_bee
13139,bumble_bee
13140,bumble_bee
13141,bumble_bee
13142,honey_bee
13143,bumble_bee
13144,bumble_bee
13145,bumble_bee
13146,bumble_bee
13147,bumble_bee
13148,bumble_bee
13149,bumble_bee
13150,bumble_bee
13151,bumble_bee
13152,bumble_bee
13153,bumble_bee
13154,honey_bee
13155,bumble_bee
13156,honey_bee
13157,bumble_bee
13158,bumble_bee
13159,bumble_bee
13160,bumble_bee
13161,honey_bee
13162,honey_bee
13163,bumble_bee
13164,bumble_bee
13165,bumble_bee
13166,bumble_bee
13167,bumble_bee
13168,bumble_bee
13169,honey_bee
13170,bumble_bee
13171,honey_bee
13172,bumble_bee
13173,bumble_bee
13174,honey_bee
13175,bumble_bee
13176,bumble_bee
13177,bumble_bee
13178,bumble_bee
13179,honey_bee
13180,bumble_bee
13181,bumble_bee
13182,bumble_bee
13183,bumble_bee
13184,bumble_bee
13185,bumble_bee
13186,honey_bee
13187,bumble_bee
13188,bumble_bee
13189,bumble_bee
13190,bumble_bee
13191,bumble_bee
13192,honey_bee
13193,bumble_bee
13194,honey_bee
13195,bumble_bee
13196,bumble_bee
13197,bumble_bee
13198,bumble_bee
13199,bumble_bee
13200,bumble_bee
13201,honey_bee
13202,bumble_bee
13203,bumble_bee
13204,bumble_bee
13205,honey_bee
13206,bumble_bee
13207,bumble_bee
13208,bumble_bee
13209,bumble_bee
13210,bumble_bee
13211,bumble_bee
13212,bumble_bee
13213,bumble_bee
13214,bumble_bee
13215,bumble_bee
13216,bumble_bee
13217,bumble_bee
13218,bumble_bee
13219,bumble_bee
13220,bumble_bee
13221,bumble_bee
13222,bumble_bee
13223,honey_bee
13224,bumble_bee
13225,bumble_bee
13226,bumble_bee
13227,bumble_bee
13228,bumble_bee
13229,bumble_bee
13230,bumble_bee
13231,bumble_bee
13232,bumble_bee
13233,bumble_bee
13234,bumble_bee
13235,bumble_bee
13236,bumble_bee
13237,honey_bee
13238,bumble_bee
13239,honey_bee
13240,bumble_bee
13241,bumble_bee
13242,bumble_bee
13243,honey_bee
13244,bumble_bee
13245,bumble_bee
13246,bumble_bee
13247,bumble_bee
13248,bumble_bee
13249,bumble_bee
13250,honey_bee
13251,bumble_bee
13252,bumble_bee
13253,bumble_bee
13254,bumble_bee
13255,bumble_bee
13256,honey_bee
13257,bumble_bee
13258,bumble_bee
13259,bumble_bee
13260,bumble_bee
13261,bumble_bee
13262,honey_bee
13263,bumble_bee
13264,bumble_bee
13265,bumble_bee
13266,bumble_bee
13267,bumble_bee
13268,bumble_bee
13269,bumble_bee
13270,honey_bee
13271,bumble_bee
13272,bumble_bee
13273,bumble_bee
13274,bumble_bee
13275,honey_bee
13276,bumble_bee
13277,honey_bee
13278,honey_bee
13279,bumble_bee
13280,bumble_bee
13281,honey_bee
13282,bumble_bee
13283,bumble_bee
13284,bumble_bee
13285,bumble_bee
13286,bumble_bee
13287,bumble_bee
13288,bumble_bee
13289,bumble_bee
13290,bumble_bee
13291,bumble_bee
13292,bumble_bee
13293,honey_bee
13294,bumble_bee
13295,bumble_bee
13296,bumble_bee
13297,bumble_bee
13298,bumble_bee
13299,bumble_bee
13300,honey_bee
13301,bumble_bee
13302,bumble_bee
13303,bumble_bee
13304,bumble_bee
13305,bumble_bee
13306,bumble_bee
13307,bumble_bee
13308,bumble_bee
13309,bumble_bee
13310,honey_bee
13311,honey_bee
13312,bumble_bee
13313,bumble_bee
13314,bumble_bee
13315,bumble_bee
13316,bumble_bee
13317,bumble_bee
13318,bumble_bee
13319,bumble_bee
13320,bumble_bee
13321,bumble_bee
13322,bumble_bee
13323,bumble_bee
13324,bumble_bee
13325,honey_bee
13326,honey_bee
13327,honey_bee
13328,bumble_bee
13329,honey_bee
13330,bumble_bee
13331,bumble_bee
13332,honey_bee
13333,bumble_bee
13334,bumble_bee
13335,bumble_bee
13336,bumble_bee
13337,bumble_bee
13338,bumble_bee
13339,bumble_bee
13340,bumble_bee
13341,bumble_bee
13342,honey_bee
13343,bumble_bee
13344,bumble_bee
13345,bumble_bee
13346,bumble_bee
13347,bumble_bee
13348,bumble_bee
13349,honey_bee
13350,bumble_bee
13351,bumble_bee
13352,bumble_bee
13353,bumble_bee
13354,bumble_bee
13355,bumble_bee
13356,honey_bee
13357,bumble_bee
13358,bumble_bee
13359,bumble_bee
13360,honey_bee
13361,bumble_bee
13362,bumble_bee
13363,honey_bee
13364,honey_bee
13365,bumble_bee
13366,bumble_bee
13367,bumble_bee
13368,bumble_bee
13369,bumble_bee
13370,bumble_bee
13371,bumble_bee
13372,bumble_bee
13373,bumble_bee
13374,bumble_bee
13375,bumble_bee
13376,honey_bee
13377,bumble_bee
13378,bumble_bee
13379,bumble_bee
13380,bumble_bee
13381,bumble_bee
13382,honey_bee
13383,bumble_bee
13384,bumble_bee
13385,bumble_bee
13386,honey_bee
13387,honey_bee
13388,bumble_bee
13389,bumble_bee
13390,bumble_bee
13391,bumble_bee
13392,bumble_bee
13393,bumble_bee
13394,bumble_bee
13395,bumble_bee
13396,honey_bee
13397,bumble_bee
13398,bumble_bee
13399,bumble_bee
13400,honey_bee
13401,bumble_bee
13402,honey_bee
13403,bumble_bee
13404,bumble_bee
13405,bumble_bee
13406,bumble_bee
13407,bumble_bee
13408,honey_bee
13409,bumble_bee
13410,bumble_bee
13411,bumble_bee
13412,honey_bee
13413,bumble_bee
13414,bumble_bee
13415,bumble_bee
13416,honey_bee
13417,bumble_bee
13418,bumble_bee
13419,bumble_bee
13420,honey_bee
13421,bumble_bee
13422,bumble_bee
13423,bumble_bee
13424,honey_bee
13425,bumble_bee
13426,honey_bee
13427,honey_bee
13428,bumble_bee
13429,bumble_bee
13430,honey_bee
13431,bumble_bee
13432,bumble_bee
13433,bumble_bee
13434,bumble_bee
13435,bumble_bee
13436,bumble_bee
13437,bumble_bee
13438,honey_bee
13439,bumble_bee
13440,bumble_bee
13441,honey_bee
13442,bumble_bee
13443,honey_bee
13444,honey_bee
13445,bumble_bee
13446,bumble_bee
13447,bumble_bee
13448,bumble_bee
13449,bumble_bee
13450,bumble_bee
13451,bumble_bee
13452,honey_bee
13453,bumble_bee
13454,honey_bee
13455,bumble_bee
13456,bumble_bee
13457,bumble_bee
13458,bumble_bee
13459,honey_bee
13460,honey_bee
13461,honey_bee
13462,honey_bee
13463,bumble_bee
13464,honey_bee
13465,bumble_bee
13466,honey_bee
13467,bumble_bee
13468,bumble_bee
13469,bumble_bee
13470,bumble_bee
13471,bumble_bee
13472,honey_bee
13473,honey_bee
13474,bumble_bee
13475,honey_bee
13476,honey_bee
13477,bumble_bee
13478,honey_bee
13479,bumble_bee
13480,bumble_bee
13481,honey_bee
13482,bumble_bee
13483,bumble_bee
13484,honey_bee
13485,bumble_bee
13486,bumble_bee
13487,bumble_bee
13488,bumble_bee
13489,honey_bee
13490,bumble_bee
13491,honey_bee
13492,bumble_bee
13493,bumble_bee
13494,bumble_bee
13495,bumble_bee
13496,honey_bee
13497,bumble_bee
13498,bumble_bee
13499,bumble_bee
13500,bumble_bee
13501,honey_bee
13502,bumble_bee
13503,bumble_bee
13504,bumble_bee
13505,bumble_bee
13506,bumble_bee
13507,honey_bee
13508,bumble_bee
13509,honey_bee
13510,bumble_bee
13511,bumble_bee
13512,bumble_bee
13513,bumble_bee
13514,bumble_bee
13515,bumble_bee
13516,bumble_bee
13517,bumble_bee
13518,bumble_bee
13519,bumble_bee
13520,bumble_bee
13521,bumble_bee
13522,bumble_bee
13523,honey_bee
13524,bumble_bee
13525,bumble_bee
13526,bumble_bee
13527,bumble_bee
13528,bumble_bee
13529,bumble_bee
13530,bumble_bee
13531,bumble_bee
13532,bumble_bee
13533,bumble_bee
13534,honey_bee
13535,honey_bee
13536,bumble_bee
13537,honey_bee
13538,bumble_bee
13539,bumble_bee
13540,honey_bee
13541,bumble_bee
13542,honey_bee
13543,honey_bee
13544,bumble_bee
13545,bumble_bee
13546,bumble_bee
13547,bumble_bee
13548,bumble_bee
13549,honey_bee
13550,bumble_bee
13551,bumble_bee
13552,bumble_bee
13553,bumble_bee
13554,bumble_bee
13555,bumble_bee
13556,bumble_bee
13557,bumble_bee
13558,bumble_bee
13559,honey_bee
13560,bumble_bee
13561,bumble_bee
13562,honey_bee
13563,honey_bee
13564,honey_bee
13565,bumble_bee
13566,bumble_bee
13567,bumble_bee
13568,bumble_bee
13569,bumble_bee
13570,honey_bee
13571,honey_bee
13572,bumble_bee
13573,bumble_bee
13574,honey_bee
13575,bumble_bee
13576,bumble_bee
13577,bumble_bee
13578,bumble_bee
13579,bumble_bee
13580,honey_bee
13581,bumble_bee
13582,honey_bee
13583,honey_bee
13584,bumble_bee
13585,bumble_bee
13586,bumble_bee
13587,bumble_bee
13588,bumble_bee
13589,bumble_bee
13590,bumble_bee
13591,bumble_bee
13592,bumble_bee
13593,bumble_bee
13594,bumble_bee
13595,bumble_bee
13596,honey_bee
13597,bumble_bee
13598,bumble_bee
13599,bumble_bee
13600,bumble_bee
13601,bumble_bee
13602,honey_bee
13603,bumble_bee
13604,bumble_bee
13605,bumble_bee
13606,bumble_bee
13607,bumble_bee
13608,bumble_bee
13609,bumble_bee
13610,honey_bee
13611,bumble_bee
13612,bumble_bee
13613,bumble_bee
13614,bumble_bee
13615,bumble_bee
13616,bumble_bee
13617,honey_bee
13618,honey_bee
13619,bumble_bee
13620,honey_bee
13621,bumble_bee
13622,bumble_bee
13623,honey_bee
13624,bumble_bee
13625,honey_bee
13626,bumble_bee
13627,bumble_bee
13628,bumble_bee
13629,bumble_bee
13630,bumble_bee
13631,bumble_bee
13632,bumble_bee
13633,bumble_bee
13634,bumble_bee
13635,bumble_bee
13636,honey_bee
13637,bumble_bee
13638,honey_bee
13639,bumble_bee
13640,bumble_bee
13641,bumble_bee
13642,bumble_bee
13643,honey_bee
13644,bumble_bee
13645,bumble_bee
13646,bumble_bee
13647,bumble_bee
13648,bumble_bee
13649,bumble_bee
13650,bumble_bee
13651,bumble_bee
13652,honey_bee
13653,bumble_bee
13654,bumble_bee
13655,honey_bee
13656,bumble_bee
13657,bumble_bee
13658,bumble_bee
13659,bumble_bee
13660,bumble_bee
13661,honey_bee
13662,bumble_bee
13663,honey_bee
13664,bumble_bee
13665,bumble_bee
13666,bumble_bee
13667,bumble_bee
13668,bumble_bee
13669,honey_bee
13670,honey_bee
13671,bumble_bee
13672,bumble_bee
13673,honey_bee
13674,bumble_bee
13675,bumble_bee
13676,bumble_bee
13677,bumble_bee
13678,bumble_bee
13679,bumble_bee
13680,bumble_bee
13681,bumble_bee
13682,bumble_bee
13683,honey_bee
13684,bumble_bee
13685,honey_bee
13686,bumble_bee
13687,bumble_bee
13688,bumble_bee
13689,bumble_bee
13690,bumble_bee
13691,bumble_bee
13692,bumble_bee
13693,honey_bee
13694,bumble_bee
13695,bumble_bee
13696,bumble_bee
13697,bumble_bee
13698,bumble_bee
13699,bumble_bee
13700,bumble_bee
13701,bumble_bee
13702,bumble_bee
13703,honey_bee
13704,bumble_bee
13705,honey_bee
13706,bumble_bee
13707,bumble_bee
13708,bumble_bee
13709,bumble_bee
13710,honey_bee
13711,honey_bee
13712,bumble_bee
13713,bumble_bee
13714,honey_bee
13715,honey_bee
13716,bumble_bee
13717,honey_bee
13718,bumble_bee
13719,bumble_bee
13720,bumble_bee
13721,bumble_bee
13722,honey_bee
13723,honey_bee
13724,bumble_bee
13725,bumble_bee
13726,bumble_bee
13727,bumble_bee
13728,bumble_bee
13729,bumble_bee
13730,honey_bee
13731,bumble_bee
13732,honey_bee
13733,bumble_bee
13734,honey_bee
13735,bumble_bee
13736,bumble_bee
13737,bumble_bee
13738,bumble_bee
13739,bumble_bee
13740,bumble_bee
13741,bumble_bee
13742,honey_bee
13743,bumble_bee
13744,bumble_bee
13745,bumble_bee
13746,bumble_bee
13747,bumble_bee
13748,bumble_bee
13749,bumble_bee
13750,bumble_bee
13751,bumble_bee
13752,bumble_bee
13753,bumble_bee
13754,honey_bee
13755,bumble_bee
13756,bumble_bee
13757,bumble_bee
13758,honey_bee
13759,honey_bee
13760,bumble_bee
13761,honey_bee
13762,bumble_bee
13763,bumble_bee
13764,bumble_bee
13765,bumble_bee
13766,bumble_bee
13767,bumble_bee
13768,bumble_bee
13769,honey_bee
13770,bumble_bee
13771,bumble_bee
13772,bumble_bee
13773,honey_bee
13774,bumble_bee
13775,bumble_bee
13776,bumble_bee
13777,honey_bee
13778,bumble_bee
13779,bumble_bee
13780,bumble_bee
13781,bumble_bee
13782,bumble_bee
13783,bumble_bee
13784,bumble_bee
13785,bumble_bee
13786,bumble_bee
13787,bumble_bee
13788,honey_bee
13789,bumble_bee
13790,bumble_bee
13791,bumble_bee
13792,bumble_bee
13793,bumble_bee
13794,honey_bee
13795,bumble_bee
13796,honey_bee
13797,bumble_bee
13798,bumble_bee
13799,bumble_bee
13800,bumble_bee
13801,bumble_bee
13802,honey_bee
13803,honey_bee
13804,bumble_bee
13805,bumble_bee
13806,bumble_bee
13807,bumble_bee
13808,bumble_bee
13809,bumble_bee
13810,bumble_bee
13811,bumble_bee
13812,bumble_bee
13813,honey_bee
13814,bumble_bee
13815,bumble_bee
13816,bumble_bee
13817,bumble_bee
13818,bumble_bee
13819,bumble_bee
13820,bumble_bee
13821,honey_bee
13822,bumble_bee
13823,bumble_bee
13824,bumble_bee
13825,honey_bee
13826,honey_bee
13827,honey_bee
13828,bumble_bee
13829,bumble_bee
13830,bumble_bee
13831,honey_bee
13832,bumble_bee
13833,bumble_bee
13834,bumble_bee
13835,bumble_bee
13836,bumble_bee
13837,bumble_bee
13838,bumble_bee
13839,bumble_bee
13840,bumble_bee
13841,bumble_bee
13842,bumble_bee
13843,bumble_bee
13844,bumble_bee
13845,bumble_bee
13846,bumble_bee
13847,bumble_bee
13848,bumble_bee
13849,bumble_bee
13850,bumble_bee
13851,bumble_bee
13852,bumble_bee
13853,bumble_bee
13854,bumble_bee
13855,bumble_bee
13856,honey_bee
13857,honey_bee
13858,bumble_bee
13859,bumble_bee
13860,bumble_bee
13861,bumble_bee
13862,bumble_bee
13863,bumble_bee
13864,bumble_bee
13865,bumble_bee
13866,bumble_bee
13867,bumble_bee
13868,honey_bee
13869,honey_bee
13870,bumble_bee
13871,bumble_bee
13872,bumble_bee
13873,honey_bee
13874,bumble_bee
13875,bumble_bee
13876,bumble_bee
13877,bumble_bee
13878,honey_bee
13879,bumble_bee
13880,honey_bee
13881,bumble_bee
13882,honey_bee
13883,bumble_bee
13884,bumble_bee
13885,bumble_bee
13886,bumble_bee
13887,bumble_bee
13888,honey_bee
13889,bumble_bee
13890,bumble_bee
13891,bumble_bee
13892,bumble_bee
13893,bumble_bee
13894,honey_bee
13895,bumble_bee
13896,bumble_bee
13897,bumble_bee
13898,bumble_bee
13899,bumble_bee
13900,honey_bee
13901,bumble_bee
13902,bumble_bee
13903,bumble_bee
13904,honey_bee
13905,bumble_bee
13906,bumble_bee
13907,bumble_bee
13908,bumble_bee
13909,bumble_bee
13910,bumble_bee
13911,bumble_bee
13912,bumble_bee
13913,honey_bee
13914,bumble_bee
13915,bumble_bee
13916,bumble_bee
13917,honey_bee
13918,bumble_bee
13919,bumble_bee
13920,bumble_bee
13921,bumble_bee
13922,bumble_bee
13923,honey_bee
13924,bumble_bee
13925,honey_bee
13926,bumble_bee
13927,bumble_bee
13928,bumble_bee
13929,bumble_bee
13930,bumble_bee
13931,bumble_bee
13932,bumble_bee
13933,bumble_bee
13934,bumble_bee
13935,bumble_bee
13936,bumble_bee
13937,bumble_bee
13938,bumble_bee
13939,bumble_bee
13940,bumble_bee
13941,honey_bee
13942,bumble_bee
13943,bumble_bee
13944,bumble_bee
13945,bumble_bee
13946,bumble_bee
13947,bumble_bee
13948,bumble_bee
13949,bumble_bee
13950,bumble_bee
13951,bumble_bee
13952,bumble_bee
13953,honey_bee
13954,bumble_bee
13955,bumble_bee
13956,bumble_bee
13957,bumble_bee
13958,bumble_bee
13959,bumble_bee
13960,honey_bee
13961,bumble_bee
13962,bumble_bee
13963,bumble_bee
13964,bumble_bee
13965,bumble_bee
13966,honey_bee
13967,bumble_bee
13968,bumble_bee
