filename,prediction
"t","e","s","t","/","2","0","0","0","0",".","j","p","g"
"1.6433e-09"
"t","e","s","t","/","2","0","0","0","1",".","j","p","g"
"9.2649e-06"
"t","e","s","t","/","2","0","0","0","2",".","j","p","g"
"5.16883e-06"
"t","e","s","t","/","2","0","0","0","3",".","j","p","g"
"0.463629"
"t","e","s","t","/","2","0","0","0","4",".","j","p","g"
"0.145922"
"t","e","s","t","/","2","0","0","0","5",".","j","p","g"
"6.15683e-06"
"t","e","s","t","/","2","0","0","0","6",".","j","p","g"
"0.24764"
"t","e","s","t","/","2","0","0","0","7",".","j","p","g"
"5.4367e-08"
"t","e","s","t","/","2","0","0","0","8",".","j","p","g"
"1.23451e-06"
"t","e","s","t","/","2","0","0","0","9",".","j","p","g"
"0.736207"
"t","e","s","t","/","2","0","0","1","0",".","j","p","g"
"2.39285e-08"
"t","e","s","t","/","2","0","0","1","1",".","j","p","g"
"4.3973e-09"
"t","e","s","t","/","2","0","0","1","2",".","j","p","g"
"0.000154256"
"t","e","s","t","/","2","0","0","1","3",".","j","p","g"
"0.007349"
"t","e","s","t","/","2","0","0","1","4",".","j","p","g"
"2.19957e-10"
"t","e","s","t","/","2","0","0","1","5",".","j","p","g"
"0.000380164"
"t","e","s","t","/","2","0","0","1","6",".","j","p","g"
"0.00483102"
"t","e","s","t","/","2","0","0","1","7",".","j","p","g"
"9.00445e-05"
"t","e","s","t","/","2","0","0","1","8",".","j","p","g"
"0.0487817"
"t","e","s","t","/","2","0","0","1","9",".","j","p","g"
"3.06629e-06"
"t","e","s","t","/","2","0","0","2","0",".","j","p","g"
"0.00347292"
"t","e","s","t","/","2","0","0","2","1",".","j","p","g"
"0.054653"
"t","e","s","t","/","2","0","0","2","2",".","j","p","g"
"1.7456e-10"
"t","e","s","t","/","2","0","0","2","3",".","j","p","g"
"0.000150688"
"t","e","s","t","/","2","0","0","2","4",".","j","p","g"
"4.34404e-06"
"t","e","s","t","/","2","0","0","2","5",".","j","p","g"
"0.69353"
"t","e","s","t","/","2","0","0","2","6",".","j","p","g"
"1.94241e-06"
"t","e","s","t","/","2","0","0","2","7",".","j","p","g"
"0.0028802"
"t","e","s","t","/","2","0","0","2","8",".","j","p","g"
"1.23839e-06"
"t","e","s","t","/","2","0","0","2","9",".","j","p","g"
"0.000111958"
"t","e","s","t","/","2","0","0","3","0",".","j","p","g"
"8.52766e-06"
"t","e","s","t","/","2","0","0","3","1",".","j","p","g"
"0.000283637"
"t","e","s","t","/","2","0","0","3","2",".","j","p","g"
"1.18503e-06"
"t","e","s","t","/","2","0","0","3","3",".","j","p","g"
"0.0305569"
"t","e","s","t","/","2","0","0","3","4",".","j","p","g"
"0.474645"
"t","e","s","t","/","2","0","0","3","5",".","j","p","g"
"9.90958e-05"
"t","e","s","t","/","2","0","0","3","6",".","j","p","g"
"1.20242e-06"
"t","e","s","t","/","2","0","0","3","7",".","j","p","g"
"9.73637e-09"
"t","e","s","t","/","2","0","0","3","8",".","j","p","g"
"1.41465e-07"
"t","e","s","t","/","2","0","0","3","9",".","j","p","g"
"0.0379177"
"t","e","s","t","/","2","0","0","4","0",".","j","p","g"
"0.000101568"
"t","e","s","t","/","2","0","0","4","1",".","j","p","g"
"0.838864"
"t","e","s","t","/","2","0","0","4","2",".","j","p","g"
"0.136524"
"t","e","s","t","/","2","0","0","4","3",".","j","p","g"
"0.8862"
"t","e","s","t","/","2","0","0","4","4",".","j","p","g"
"0.833171"
"t","e","s","t","/","2","0","0","4","5",".","j","p","g"
"0.0686139"
"t","e","s","t","/","2","0","0","4","6",".","j","p","g"
"0.0555075"
"t","e","s","t","/","2","0","0","4","7",".","j","p","g"
"2.59803e-06"
"t","e","s","t","/","2","0","0","4","8",".","j","p","g"
"4.95229e-05"
"t","e","s","t","/","2","0","0","4","9",".","j","p","g"
"0.00129145"
"t","e","s","t","/","2","0","0","5","0",".","j","p","g"
"0.0350237"
"t","e","s","t","/","2","0","0","5","1",".","j","p","g"
"0.340409"
"t","e","s","t","/","2","0","0","5","2",".","j","p","g"
"0.831467"
"t","e","s","t","/","2","0","0","5","3",".","j","p","g"
"0.00315604"
"t","e","s","t","/","2","0","0","5","4",".","j","p","g"
"0.000930509"
"t","e","s","t","/","2","0","0","5","5",".","j","p","g"
"0.00247304"
"t","e","s","t","/","2","0","0","5","6",".","j","p","g"
"2.80958e-05"
"t","e","s","t","/","2","0","0","5","7",".","j","p","g"
"0.000239626"
"t","e","s","t","/","2","0","0","5","8",".","j","p","g"
"0.000300137"
"t","e","s","t","/","2","0","0","5","9",".","j","p","g"
"0.0156409"
"t","e","s","t","/","2","0","0","6","0",".","j","p","g"
"0.00192137"
"t","e","s","t","/","2","0","0","6","1",".","j","p","g"
"0.00686654"
"t","e","s","t","/","2","0","0","6","2",".","j","p","g"
"0.0384094"
"t","e","s","t","/","2","0","0","6","3",".","j","p","g"
"0.221554"
"t","e","s","t","/","2","0","0","6","4",".","j","p","g"
"9.90981e-08"
"t","e","s","t","/","2","0","0","6","5",".","j","p","g"
"0.888769"
"t","e","s","t","/","2","0","0","6","6",".","j","p","g"
"0.00238173"
"t","e","s","t","/","2","0","0","6","7",".","j","p","g"
"0.0101422"
"t","e","s","t","/","2","0","0","6","8",".","j","p","g"
"0.864665"
"t","e","s","t","/","2","0","0","6","9",".","j","p","g"
"5.0134e-05"
"t","e","s","t","/","2","0","0","7","0",".","j","p","g"
"5.75532e-07"
"t","e","s","t","/","2","0","0","7","1",".","j","p","g"
"0.0313421"
"t","e","s","t","/","2","0","0","7","2",".","j","p","g"
"0.331332"
"t","e","s","t","/","2","0","0","7","3",".","j","p","g"
"0.000123277"
"t","e","s","t","/","2","0","0","7","4",".","j","p","g"
"0.000207315"
"t","e","s","t","/","2","0","0","7","5",".","j","p","g"
"0.167235"
"t","e","s","t","/","2","0","0","7","6",".","j","p","g"
"0.0240315"
"t","e","s","t","/","2","0","0","7","7",".","j","p","g"
"0.000269995"
"t","e","s","t","/","2","0","0","7","8",".","j","p","g"
"0.79775"
"t","e","s","t","/","2","0","0","7","9",".","j","p","g"
"0.947292"
"t","e","s","t","/","2","0","0","8","0",".","j","p","g"
"1.27951e-07"
"t","e","s","t","/","2","0","0","8","1",".","j","p","g"
"0.00676503"
"t","e","s","t","/","2","0","0","8","2",".","j","p","g"
"1.31061e-09"
"t","e","s","t","/","2","0","0","8","3",".","j","p","g"
"1.10011e-06"
"t","e","s","t","/","2","0","0","8","4",".","j","p","g"
"0.520603"
"t","e","s","t","/","2","0","0","8","5",".","j","p","g"
"0.0131245"
"t","e","s","t","/","2","0","0","8","6",".","j","p","g"
"0.563406"
"t","e","s","t","/","2","0","0","8","7",".","j","p","g"
"0.00288433"
"t","e","s","t","/","2","0","0","8","8",".","j","p","g"
"0.0132578"
"t","e","s","t","/","2","0","0","8","9",".","j","p","g"
"0.000158958"
"t","e","s","t","/","2","0","0","9","0",".","j","p","g"
"0.000322406"
"t","e","s","t","/","2","0","0","9","1",".","j","p","g"
"0.00109336"
"t","e","s","t","/","2","0","0","9","2",".","j","p","g"
"0.00776449"
"t","e","s","t","/","2","0","0","9","3",".","j","p","g"
"1.01184e-07"
"t","e","s","t","/","2","0","0","9","4",".","j","p","g"
"0.129528"
"t","e","s","t","/","2","0","0","9","5",".","j","p","g"
"0.000710436"
"t","e","s","t","/","2","0","0","9","6",".","j","p","g"
"0.000692412"
"t","e","s","t","/","2","0","0","9","7",".","j","p","g"
"0.955935"
"t","e","s","t","/","2","0","0","9","8",".","j","p","g"
"0.000144263"
"t","e","s","t","/","2","0","0","9","9",".","j","p","g"
"6.44122e-06"
"t","e","s","t","/","2","0","1","0","0",".","j","p","g"
"0.00193287"
"t","e","s","t","/","2","0","1","0","1",".","j","p","g"
"6.85623e-06"
"t","e","s","t","/","2","0","1","0","2",".","j","p","g"
"2.51006e-06"
"t","e","s","t","/","2","0","1","0","3",".","j","p","g"
"0.419153"
"t","e","s","t","/","2","0","1","0","4",".","j","p","g"
"2.53238e-10"
"t","e","s","t","/","2","0","1","0","5",".","j","p","g"
"2.10138e-06"
"t","e","s","t","/","2","0","1","0","6",".","j","p","g"
"0.00314014"
"t","e","s","t","/","2","0","1","0","7",".","j","p","g"
"0.000303704"
"t","e","s","t","/","2","0","1","0","8",".","j","p","g"
"2.28718e-09"
"t","e","s","t","/","2","0","1","0","9",".","j","p","g"
"2.09395e-05"
"t","e","s","t","/","2","0","1","1","0",".","j","p","g"
"0.881606"
"t","e","s","t","/","2","0","1","1","1",".","j","p","g"
"0.0150316"
"t","e","s","t","/","2","0","1","1","2",".","j","p","g"
"0.532787"
"t","e","s","t","/","2","0","1","1","3",".","j","p","g"
"0.00405492"
"t","e","s","t","/","2","0","1","1","4",".","j","p","g"
"1.77737e-05"
"t","e","s","t","/","2","0","1","1","5",".","j","p","g"
"1.61613e-07"
"t","e","s","t","/","2","0","1","1","6",".","j","p","g"
"2.46292e-06"
"t","e","s","t","/","2","0","1","1","7",".","j","p","g"
"8.71057e-09"
"t","e","s","t","/","2","0","1","1","8",".","j","p","g"
"0.00577695"
"t","e","s","t","/","2","0","1","1","9",".","j","p","g"
"0.897516"
"t","e","s","t","/","2","0","1","2","0",".","j","p","g"
"2.43773e-05"
"t","e","s","t","/","2","0","1","2","1",".","j","p","g"
"9.36247e-06"
"t","e","s","t","/","2","0","1","2","2",".","j","p","g"
"6.74283e-05"
"t","e","s","t","/","2","0","1","2","3",".","j","p","g"
"0.0267871"
"t","e","s","t","/","2","0","1","2","4",".","j","p","g"
"3.12208e-09"
"t","e","s","t","/","2","0","1","2","5",".","j","p","g"
"0.0010064"
"t","e","s","t","/","2","0","1","2","6",".","j","p","g"
"4.08843e-05"
"t","e","s","t","/","2","0","1","2","7",".","j","p","g"
"0.175304"
"t","e","s","t","/","2","0","1","2","8",".","j","p","g"
"0.0191957"
"t","e","s","t","/","2","0","1","2","9",".","j","p","g"
"0.56268"
"t","e","s","t","/","2","0","1","3","0",".","j","p","g"
"0.00419981"
"t","e","s","t","/","2","0","1","3","1",".","j","p","g"
"0.00178046"
"t","e","s","t","/","2","0","1","3","2",".","j","p","g"
"8.95071e-06"
"t","e","s","t","/","2","0","1","3","3",".","j","p","g"
"3.80729e-06"
"t","e","s","t","/","2","0","1","3","4",".","j","p","g"
"0.807996"
"t","e","s","t","/","2","0","1","3","5",".","j","p","g"
"0.998803"
"t","e","s","t","/","2","0","1","3","6",".","j","p","g"
"1.10166e-05"
"t","e","s","t","/","2","0","1","3","7",".","j","p","g"
"0.0183799"
"t","e","s","t","/","2","0","1","3","8",".","j","p","g"
"1.31273e-08"
"t","e","s","t","/","2","0","1","3","9",".","j","p","g"
"0.0124374"
"t","e","s","t","/","2","0","1","4","0",".","j","p","g"
"0.00122598"
"t","e","s","t","/","2","0","1","4","1",".","j","p","g"
"1.10625e-10"
"t","e","s","t","/","2","0","1","4","2",".","j","p","g"
"0.038718"
"t","e","s","t","/","2","0","1","4","3",".","j","p","g"
"5.14664e-08"
"t","e","s","t","/","2","0","1","4","4",".","j","p","g"
"5.42555e-05"
"t","e","s","t","/","2","0","1","4","5",".","j","p","g"
"1.01564e-07"
"t","e","s","t","/","2","0","1","4","6",".","j","p","g"
"0.000162926"
"t","e","s","t","/","2","0","1","4","7",".","j","p","g"
"0.00361432"
"t","e","s","t","/","2","0","1","4","8",".","j","p","g"
"0.000162959"
"t","e","s","t","/","2","0","1","4","9",".","j","p","g"
"1.66834e-05"
"t","e","s","t","/","2","0","1","5","0",".","j","p","g"
"0.296002"
"t","e","s","t","/","2","0","1","5","1",".","j","p","g"
"0.96756"
"t","e","s","t","/","2","0","1","5","2",".","j","p","g"
"0.658576"
"t","e","s","t","/","2","0","1","5","3",".","j","p","g"
"0.769759"
"t","e","s","t","/","2","0","1","5","4",".","j","p","g"
"5.76729e-08"
"t","e","s","t","/","2","0","1","5","5",".","j","p","g"
"2.21386e-05"
"t","e","s","t","/","2","0","1","5","6",".","j","p","g"
"0.000403588"
"t","e","s","t","/","2","0","1","5","7",".","j","p","g"
"1.73045e-09"
"t","e","s","t","/","2","0","1","5","8",".","j","p","g"
"0.00286079"
"t","e","s","t","/","2","0","1","5","9",".","j","p","g"
"1.31119e-05"
"t","e","s","t","/","2","0","1","6","0",".","j","p","g"
"0.910971"
"t","e","s","t","/","2","0","1","6","1",".","j","p","g"
"0.000313175"
"t","e","s","t","/","2","0","1","6","2",".","j","p","g"
"0.11084"
"t","e","s","t","/","2","0","1","6","3",".","j","p","g"
"2.05415e-07"
"t","e","s","t","/","2","0","1","6","4",".","j","p","g"
"3.61315e-05"
"t","e","s","t","/","2","0","1","6","5",".","j","p","g"
"0.00437545"
"t","e","s","t","/","2","0","1","6","6",".","j","p","g"
"0.00663878"
"t","e","s","t","/","2","0","1","6","7",".","j","p","g"
"0.026191"
"t","e","s","t","/","2","0","1","6","8",".","j","p","g"
"0.000525441"
"t","e","s","t","/","2","0","1","6","9",".","j","p","g"
"0.0131639"
"t","e","s","t","/","2","0","1","7","0",".","j","p","g"
"1.13475e-08"
"t","e","s","t","/","2","0","1","7","1",".","j","p","g"
"0.647637"
"t","e","s","t","/","2","0","1","7","2",".","j","p","g"
"0.00557692"
"t","e","s","t","/","2","0","1","7","3",".","j","p","g"
"0.415206"
"t","e","s","t","/","2","0","1","7","4",".","j","p","g"
"0.00105712"
"t","e","s","t","/","2","0","1","7","5",".","j","p","g"
"0.000138226"
"t","e","s","t","/","2","0","1","7","6",".","j","p","g"
"8.13759e-05"
"t","e","s","t","/","2","0","1","7","7",".","j","p","g"
"6.68381e-11"
"t","e","s","t","/","2","0","1","7","8",".","j","p","g"
"0.0102737"
"t","e","s","t","/","2","0","1","7","9",".","j","p","g"
"0.0204769"
"t","e","s","t","/","2","0","1","8","0",".","j","p","g"
"0.704599"
"t","e","s","t","/","2","0","1","8","1",".","j","p","g"
"3.06941e-05"
"t","e","s","t","/","2","0","1","8","2",".","j","p","g"
"0.00298083"
"t","e","s","t","/","2","0","1","8","3",".","j","p","g"
"1.5577e-05"
"t","e","s","t","/","2","0","1","8","4",".","j","p","g"
"4.87198e-05"
"t","e","s","t","/","2","0","1","8","5",".","j","p","g"
"0.0664064"
"t","e","s","t","/","2","0","1","8","6",".","j","p","g"
"0.00935298"
"t","e","s","t","/","2","0","1","8","7",".","j","p","g"
"0.000118023"
"t","e","s","t","/","2","0","1","8","8",".","j","p","g"
"3.58362e-08"
"t","e","s","t","/","2","0","1","8","9",".","j","p","g"
"0.170711"
"t","e","s","t","/","2","0","1","9","0",".","j","p","g"
"0.361958"
"t","e","s","t","/","2","0","1","9","1",".","j","p","g"
"0.00391182"
"t","e","s","t","/","2","0","1","9","2",".","j","p","g"
"1.88648e-07"
"t","e","s","t","/","2","0","1","9","3",".","j","p","g"
"2.02101e-06"
"t","e","s","t","/","2","0","1","9","4",".","j","p","g"
"5.61578e-06"
"t","e","s","t","/","2","0","1","9","5",".","j","p","g"
"0.62271"
"t","e","s","t","/","2","0","1","9","6",".","j","p","g"
"3.78784e-05"
"t","e","s","t","/","2","0","1","9","7",".","j","p","g"
"1.04208e-07"
"t","e","s","t","/","2","0","1","9","8",".","j","p","g"
"0.817848"
"t","e","s","t","/","2","0","1","9","9",".","j","p","g"
"0.466238"
"t","e","s","t","/","2","0","2","0","0",".","j","p","g"
"0.000468735"
"t","e","s","t","/","2","0","2","0","1",".","j","p","g"
"6.44073e-06"
"t","e","s","t","/","2","0","2","0","2",".","j","p","g"
"0.951442"
"t","e","s","t","/","2","0","2","0","3",".","j","p","g"
"0.402711"
"t","e","s","t","/","2","0","2","0","4",".","j","p","g"
"0.00128078"
"t","e","s","t","/","2","0","2","0","5",".","j","p","g"
"0.0093109"
"t","e","s","t","/","2","0","2","0","6",".","j","p","g"
"0.0323785"
"t","e","s","t","/","2","0","2","0","7",".","j","p","g"
"3.07479e-09"
"t","e","s","t","/","2","0","2","0","8",".","j","p","g"
"0.192376"
"t","e","s","t","/","2","0","2","0","9",".","j","p","g"
"0.968324"
"t","e","s","t","/","2","0","2","1","0",".","j","p","g"
"0.0159367"
"t","e","s","t","/","2","0","2","1","1",".","j","p","g"
"9.61844e-06"
"t","e","s","t","/","2","0","2","1","2",".","j","p","g"
"1.28151e-05"
"t","e","s","t","/","2","0","2","1","3",".","j","p","g"
"0.000257099"
"t","e","s","t","/","2","0","2","1","4",".","j","p","g"
"0.0136147"
"t","e","s","t","/","2","0","2","1","5",".","j","p","g"
"0.438214"
"t","e","s","t","/","2","0","2","1","6",".","j","p","g"
"0.0105989"
"t","e","s","t","/","2","0","2","1","7",".","j","p","g"
"6.06021e-10"
"t","e","s","t","/","2","0","2","1","8",".","j","p","g"
"0.000892188"
"t","e","s","t","/","2","0","2","1","9",".","j","p","g"
"0.143994"
"t","e","s","t","/","2","0","2","2","0",".","j","p","g"
"0.00892846"
"t","e","s","t","/","2","0","2","2","1",".","j","p","g"
"8.45664e-08"
"t","e","s","t","/","2","0","2","2","2",".","j","p","g"
"0.141282"
"t","e","s","t","/","2","0","2","2","3",".","j","p","g"
"0.0283414"
"t","e","s","t","/","2","0","2","2","4",".","j","p","g"
"1.82588e-05"
"t","e","s","t","/","2","0","2","2","5",".","j","p","g"
"0.000507363"
"t","e","s","t","/","2","0","2","2","6",".","j","p","g"
"0.0249232"
"t","e","s","t","/","2","0","2","2","7",".","j","p","g"
"4.84359e-08"
"t","e","s","t","/","2","0","2","2","8",".","j","p","g"
"0.000842345"
"t","e","s","t","/","2","0","2","2","9",".","j","p","g"
"0.000247574"
"t","e","s","t","/","2","0","2","3","0",".","j","p","g"
"0.0186076"
"t","e","s","t","/","2","0","2","3","1",".","j","p","g"
"0.000757987"
"t","e","s","t","/","2","0","2","3","2",".","j","p","g"
"0.00373949"
"t","e","s","t","/","2","0","2","3","3",".","j","p","g"
"0.66189"
"t","e","s","t","/","2","0","2","3","4",".","j","p","g"
"0.905409"
"t","e","s","t","/","2","0","2","3","5",".","j","p","g"
"1.07034e-05"
"t","e","s","t","/","2","0","2","3","6",".","j","p","g"
"0.716854"
"t","e","s","t","/","2","0","2","3","7",".","j","p","g"
"0.000442855"
"t","e","s","t","/","2","0","2","3","8",".","j","p","g"
"6.22611e-08"
"t","e","s","t","/","2","0","2","3","9",".","j","p","g"
"4.12502e-07"
"t","e","s","t","/","2","0","2","4","0",".","j","p","g"
"0.0247961"
"t","e","s","t","/","2","0","2","4","1",".","j","p","g"
"2.13661e-05"
"t","e","s","t","/","2","0","2","4","2",".","j","p","g"
"2.20429e-08"
"t","e","s","t","/","2","0","2","4","3",".","j","p","g"
"5.70434e-10"
"t","e","s","t","/","2","0","2","4","4",".","j","p","g"
"0.000142918"
"t","e","s","t","/","2","0","2","4","5",".","j","p","g"
"0.00063383"
"t","e","s","t","/","2","0","2","4","6",".","j","p","g"
"0.0553965"
"t","e","s","t","/","2","0","2","4","7",".","j","p","g"
"4.16379e-10"
"t","e","s","t","/","2","0","2","4","8",".","j","p","g"
"0.0407991"
"t","e","s","t","/","2","0","2","4","9",".","j","p","g"
"0.000123562"
"t","e","s","t","/","2","0","2","5","0",".","j","p","g"
"7.16309e-05"
"t","e","s","t","/","2","0","2","5","1",".","j","p","g"
"0.000286251"
"t","e","s","t","/","2","0","2","5","2",".","j","p","g"
"0.0371555"
"t","e","s","t","/","2","0","2","5","3",".","j","p","g"
"1.61074e-06"
"t","e","s","t","/","2","0","2","5","4",".","j","p","g"
"1.41186e-05"
"t","e","s","t","/","2","0","2","5","5",".","j","p","g"
"0.914291"
"t","e","s","t","/","2","0","2","5","6",".","j","p","g"
"1.53677e-05"
"t","e","s","t","/","2","0","2","5","7",".","j","p","g"
"0.633747"
"t","e","s","t","/","2","0","2","5","8",".","j","p","g"
"8.99383e-08"
"t","e","s","t","/","2","0","2","5","9",".","j","p","g"
"3.95103e-07"
"t","e","s","t","/","2","0","2","6","0",".","j","p","g"
"0.670434"
"t","e","s","t","/","2","0","2","6","1",".","j","p","g"
"0.884816"
"t","e","s","t","/","2","0","2","6","2",".","j","p","g"
"0.0104188"
"t","e","s","t","/","2","0","2","6","3",".","j","p","g"
"0.00973836"
"t","e","s","t","/","2","0","2","6","4",".","j","p","g"
"1.37536e-06"
"t","e","s","t","/","2","0","2","6","5",".","j","p","g"
"0.0239252"
"t","e","s","t","/","2","0","2","6","6",".","j","p","g"
"0.74997"
"t","e","s","t","/","2","0","2","6","7",".","j","p","g"
"0.152107"
"t","e","s","t","/","2","0","2","6","8",".","j","p","g"
"0.00100553"
"t","e","s","t","/","2","0","2","6","9",".","j","p","g"
"0.00865194"
"t","e","s","t","/","2","0","2","7","0",".","j","p","g"
"0.000670286"
"t","e","s","t","/","2","0","2","7","1",".","j","p","g"
"2.153e-08"
"t","e","s","t","/","2","0","2","7","2",".","j","p","g"
"2.55793e-06"
"t","e","s","t","/","2","0","2","7","3",".","j","p","g"
"3.21206e-08"
"t","e","s","t","/","2","0","2","7","4",".","j","p","g"
"3.49202e-07"
"t","e","s","t","/","2","0","2","7","5",".","j","p","g"
"0.00055092"
"t","e","s","t","/","2","0","2","7","6",".","j","p","g"
"0.0118598"
"t","e","s","t","/","2","0","2","7","7",".","j","p","g"
"0.859359"
"t","e","s","t","/","2","0","2","7","8",".","j","p","g"
"0.000178086"
"t","e","s","t","/","2","0","2","7","9",".","j","p","g"
"0.998685"
"t","e","s","t","/","2","0","2","8","0",".","j","p","g"
"0.84481"
"t","e","s","t","/","2","0","2","8","1",".","j","p","g"
"0.999528"
"t","e","s","t","/","2","0","2","8","2",".","j","p","g"
"0.000542519"
"t","e","s","t","/","2","0","2","8","3",".","j","p","g"
"0.00215583"
"t","e","s","t","/","2","0","2","8","4",".","j","p","g"
"7.8226e-05"
"t","e","s","t","/","2","0","2","8","5",".","j","p","g"
"5.78549e-06"
"t","e","s","t","/","2","0","2","8","6",".","j","p","g"
"0.794659"
"t","e","s","t","/","2","0","2","8","7",".","j","p","g"
"0.000137285"
"t","e","s","t","/","2","0","2","8","8",".","j","p","g"
"2.8931e-08"
"t","e","s","t","/","2","0","2","8","9",".","j","p","g"
"1.26474e-07"
"t","e","s","t","/","2","0","2","9","0",".","j","p","g"
"0.00234449"
"t","e","s","t","/","2","0","2","9","1",".","j","p","g"
"0.0167164"
"t","e","s","t","/","2","0","2","9","2",".","j","p","g"
"2.74052e-05"
"t","e","s","t","/","2","0","2","9","3",".","j","p","g"
"6.73268e-05"
"t","e","s","t","/","2","0","2","9","4",".","j","p","g"
"0.00116657"
"t","e","s","t","/","2","0","2","9","5",".","j","p","g"
"0.973996"
"t","e","s","t","/","2","0","2","9","6",".","j","p","g"
"1.59084e-06"
"t","e","s","t","/","2","0","2","9","7",".","j","p","g"
"4.63529e-10"
"t","e","s","t","/","2","0","2","9","8",".","j","p","g"
"0.000727031"
"t","e","s","t","/","2","0","2","9","9",".","j","p","g"
"0.0680085"
"t","e","s","t","/","2","0","3","0","0",".","j","p","g"
"0.0704197"
"t","e","s","t","/","2","0","3","0","1",".","j","p","g"
"2.63736e-06"
"t","e","s","t","/","2","0","3","0","2",".","j","p","g"
"9.89836e-05"
"t","e","s","t","/","2","0","3","0","3",".","j","p","g"
"0.00019642"
"t","e","s","t","/","2","0","3","0","4",".","j","p","g"
"0.972231"
"t","e","s","t","/","2","0","3","0","5",".","j","p","g"
"0.713327"
"t","e","s","t","/","2","0","3","0","6",".","j","p","g"
"0.988858"
"t","e","s","t","/","2","0","3","0","7",".","j","p","g"
"0.00320199"
"t","e","s","t","/","2","0","3","0","8",".","j","p","g"
"0.0246317"
"t","e","s","t","/","2","0","3","0","9",".","j","p","g"
"0.0492272"
"t","e","s","t","/","2","0","3","1","0",".","j","p","g"
"0.166301"
"t","e","s","t","/","2","0","3","1","1",".","j","p","g"
"3.32278e-06"
"t","e","s","t","/","2","0","3","1","2",".","j","p","g"
"0.274705"
"t","e","s","t","/","2","0","3","1","3",".","j","p","g"
"0.00901948"
"t","e","s","t","/","2","0","3","1","4",".","j","p","g"
"0.949739"
"t","e","s","t","/","2","0","3","1","5",".","j","p","g"
"0.000122037"
"t","e","s","t","/","2","0","3","1","6",".","j","p","g"
"0.289486"
"t","e","s","t","/","2","0","3","1","7",".","j","p","g"
"0.011181"
"t","e","s","t","/","2","0","3","1","8",".","j","p","g"
"0.044821"
"t","e","s","t","/","2","0","3","1","9",".","j","p","g"
"0.748254"
"t","e","s","t","/","2","0","3","2","0",".","j","p","g"
"0.0188598"
"t","e","s","t","/","2","0","3","2","1",".","j","p","g"
"1.80732e-06"
"t","e","s","t","/","2","0","3","2","2",".","j","p","g"
"0.0575178"
"t","e","s","t","/","2","0","3","2","3",".","j","p","g"
"0.000350822"
"t","e","s","t","/","2","0","3","2","4",".","j","p","g"
"0.00012307"
"t","e","s","t","/","2","0","3","2","5",".","j","p","g"
"0.0211302"
"t","e","s","t","/","2","0","3","2","6",".","j","p","g"
"0.00450664"
"t","e","s","t","/","2","0","3","2","7",".","j","p","g"
"0.00340363"
"t","e","s","t","/","2","0","3","2","8",".","j","p","g"
"0.0319339"
"t","e","s","t","/","2","0","3","2","9",".","j","p","g"
"4.40381e-05"
"t","e","s","t","/","2","0","3","3","0",".","j","p","g"
"0.0196027"
"t","e","s","t","/","2","0","3","3","1",".","j","p","g"
"0.00615656"
"t","e","s","t","/","2","0","3","3","2",".","j","p","g"
"0.000202401"
"t","e","s","t","/","2","0","3","3","3",".","j","p","g"
"0.0833063"
"t","e","s","t","/","2","0","3","3","4",".","j","p","g"
"7.11362e-06"
"t","e","s","t","/","2","0","3","3","5",".","j","p","g"
"2.11079e-07"
"t","e","s","t","/","2","0","3","3","6",".","j","p","g"
"0.0123301"
"t","e","s","t","/","2","0","3","3","7",".","j","p","g"
"0.0393718"
"t","e","s","t","/","2","0","3","3","8",".","j","p","g"
"0.00545691"
"t","e","s","t","/","2","0","3","3","9",".","j","p","g"
"9.86498e-09"
"t","e","s","t","/","2","0","3","4","0",".","j","p","g"
"0.00262787"
"t","e","s","t","/","2","0","3","4","1",".","j","p","g"
"1.99858e-07"
"t","e","s","t","/","2","0","3","4","2",".","j","p","g"
"4.89799e-12"
"t","e","s","t","/","2","0","3","4","3",".","j","p","g"
"2.97062e-08"
"t","e","s","t","/","2","0","3","4","4",".","j","p","g"
"2.84517e-06"
"t","e","s","t","/","2","0","3","4","5",".","j","p","g"
"0.000292673"
"t","e","s","t","/","2","0","3","4","6",".","j","p","g"
"0.000820076"
"t","e","s","t","/","2","0","3","4","7",".","j","p","g"
"6.22258e-10"
"t","e","s","t","/","2","0","3","4","8",".","j","p","g"
"0.000221817"
"t","e","s","t","/","2","0","3","4","9",".","j","p","g"
"0.370645"
"t","e","s","t","/","2","0","3","5","0",".","j","p","g"
"0.000337206"
"t","e","s","t","/","2","0","3","5","1",".","j","p","g"
"0.00212597"
"t","e","s","t","/","2","0","3","5","2",".","j","p","g"
"0.000973081"
"t","e","s","t","/","2","0","3","5","3",".","j","p","g"
"0.00113088"
"t","e","s","t","/","2","0","3","5","4",".","j","p","g"
"4.64536e-05"
"t","e","s","t","/","2","0","3","5","5",".","j","p","g"
"0.0367282"
"t","e","s","t","/","2","0","3","5","6",".","j","p","g"
"0.0001469"
"t","e","s","t","/","2","0","3","5","7",".","j","p","g"
"0.320306"
"t","e","s","t","/","2","0","3","5","8",".","j","p","g"
"4.25237e-07"
"t","e","s","t","/","2","0","3","5","9",".","j","p","g"
"0.943995"
"t","e","s","t","/","2","0","3","6","0",".","j","p","g"
"2.19971e-08"
"t","e","s","t","/","2","0","3","6","1",".","j","p","g"
"1.81889e-08"
"t","e","s","t","/","2","0","3","6","2",".","j","p","g"
"5.37372e-06"
"t","e","s","t","/","2","0","3","6","3",".","j","p","g"
"0.0342029"
"t","e","s","t","/","2","0","3","6","4",".","j","p","g"
"0.268946"
"t","e","s","t","/","2","0","3","6","5",".","j","p","g"
"0.000530924"
"t","e","s","t","/","2","0","3","6","6",".","j","p","g"
"0.981486"
"t","e","s","t","/","2","0","3","6","7",".","j","p","g"
"0.000833411"
"t","e","s","t","/","2","0","3","6","8",".","j","p","g"
"0.0085918"
"t","e","s","t","/","2","0","3","6","9",".","j","p","g"
"0.912137"
"t","e","s","t","/","2","0","3","7","0",".","j","p","g"
"0.994661"
"t","e","s","t","/","2","0","3","7","1",".","j","p","g"
"0.00020144"
"t","e","s","t","/","2","0","3","7","2",".","j","p","g"
"8.0164e-07"
"t","e","s","t","/","2","0","3","7","3",".","j","p","g"
"0.247409"
"t","e","s","t","/","2","0","3","7","4",".","j","p","g"
"0.000859717"
"t","e","s","t","/","2","0","3","7","5",".","j","p","g"
"0.0233576"
"t","e","s","t","/","2","0","3","7","6",".","j","p","g"
"1.06041e-07"
"t","e","s","t","/","2","0","3","7","7",".","j","p","g"
"0.00470088"
"t","e","s","t","/","2","0","3","7","8",".","j","p","g"
"1.47161e-05"
"t","e","s","t","/","2","0","3","7","9",".","j","p","g"
"0.342911"
"t","e","s","t","/","2","0","3","8","0",".","j","p","g"
"0.106865"
"t","e","s","t","/","2","0","3","8","1",".","j","p","g"
"0.104107"
"t","e","s","t","/","2","0","3","8","2",".","j","p","g"
"2.13898e-05"
"t","e","s","t","/","2","0","3","8","3",".","j","p","g"
"0.0016884"
"t","e","s","t","/","2","0","3","8","4",".","j","p","g"
"0.653298"
"t","e","s","t","/","2","0","3","8","5",".","j","p","g"
"0.314039"
"t","e","s","t","/","2","0","3","8","6",".","j","p","g"
"1.90359e-05"
"t","e","s","t","/","2","0","3","8","7",".","j","p","g"
"0.00295176"
"t","e","s","t","/","2","0","3","8","8",".","j","p","g"
"0.0422619"
"t","e","s","t","/","2","0","3","8","9",".","j","p","g"
"0.000217732"
"t","e","s","t","/","2","0","3","9","0",".","j","p","g"
"2.33021e-05"
"t","e","s","t","/","2","0","3","9","1",".","j","p","g"
"9.2959e-05"
"t","e","s","t","/","2","0","3","9","2",".","j","p","g"
"0.308084"
"t","e","s","t","/","2","0","3","9","3",".","j","p","g"
"3.84223e-05"
"t","e","s","t","/","2","0","3","9","4",".","j","p","g"
"0.819728"
"t","e","s","t","/","2","0","3","9","5",".","j","p","g"
"0.170781"
"t","e","s","t","/","2","0","3","9","6",".","j","p","g"
"1.03103e-08"
"t","e","s","t","/","2","0","3","9","7",".","j","p","g"
"0.000289559"
"t","e","s","t","/","2","0","3","9","8",".","j","p","g"
"0.69407"
"t","e","s","t","/","2","0","3","9","9",".","j","p","g"
"2.89009e-09"
"t","e","s","t","/","2","0","4","0","0",".","j","p","g"
"0.0836753"
"t","e","s","t","/","2","0","4","0","1",".","j","p","g"
"4.89726e-09"
"t","e","s","t","/","2","0","4","0","2",".","j","p","g"
"0.997432"
"t","e","s","t","/","2","0","4","0","3",".","j","p","g"
"0.998413"
"t","e","s","t","/","2","0","4","0","4",".","j","p","g"
"3.15673e-06"
"t","e","s","t","/","2","0","4","0","5",".","j","p","g"
"0.0387065"
"t","e","s","t","/","2","0","4","0","6",".","j","p","g"
"8.69439e-10"
"t","e","s","t","/","2","0","4","0","7",".","j","p","g"
"0.424173"
"t","e","s","t","/","2","0","4","0","8",".","j","p","g"
"0.460884"
"t","e","s","t","/","2","0","4","0","9",".","j","p","g"
"2.70353e-08"
"t","e","s","t","/","2","0","4","1","0",".","j","p","g"
"0.000339451"
"t","e","s","t","/","2","0","4","1","1",".","j","p","g"
"7.23034e-09"
"t","e","s","t","/","2","0","4","1","2",".","j","p","g"
"0.929111"
"t","e","s","t","/","2","0","4","1","3",".","j","p","g"
"0.000173844"
"t","e","s","t","/","2","0","4","1","4",".","j","p","g"
"1.01049e-05"
"t","e","s","t","/","2","0","4","1","5",".","j","p","g"
"2.539e-08"
"t","e","s","t","/","2","0","4","1","6",".","j","p","g"
"1.40774e-09"
"t","e","s","t","/","2","0","4","1","7",".","j","p","g"
"0.845266"
"t","e","s","t","/","2","0","4","1","8",".","j","p","g"
"0.95966"
"t","e","s","t","/","2","0","4","1","9",".","j","p","g"
"0.00129267"
"t","e","s","t","/","2","0","4","2","0",".","j","p","g"
"0.0299725"
"t","e","s","t","/","2","0","4","2","1",".","j","p","g"
"0.00158756"
"t","e","s","t","/","2","0","4","2","2",".","j","p","g"
"0.00107959"
"t","e","s","t","/","2","0","4","2","3",".","j","p","g"
"6.73701e-06"
"t","e","s","t","/","2","0","4","2","4",".","j","p","g"
"0.00050006"
"t","e","s","t","/","2","0","4","2","5",".","j","p","g"
"0.523497"
"t","e","s","t","/","2","0","4","2","6",".","j","p","g"
"2.35027e-06"
"t","e","s","t","/","2","0","4","2","7",".","j","p","g"
"3.62882e-06"
"t","e","s","t","/","2","0","4","2","8",".","j","p","g"
"8.38986e-10"
"t","e","s","t","/","2","0","4","2","9",".","j","p","g"
"8.90565e-06"
"t","e","s","t","/","2","0","4","3","0",".","j","p","g"
"0.000241881"
"t","e","s","t","/","2","0","4","3","1",".","j","p","g"
"4.58939e-06"
"t","e","s","t","/","2","0","4","3","2",".","j","p","g"
"4.09138e-10"
"t","e","s","t","/","2","0","4","3","3",".","j","p","g"
"0.00285555"
"t","e","s","t","/","2","0","4","3","4",".","j","p","g"
"0.00956273"
"t","e","s","t","/","2","0","4","3","5",".","j","p","g"
"0.0190826"
"t","e","s","t","/","2","0","4","3","6",".","j","p","g"
"2.44818e-09"
"t","e","s","t","/","2","0","4","3","7",".","j","p","g"
"0.00112876"
"t","e","s","t","/","2","0","4","3","8",".","j","p","g"
"0.0079387"
"t","e","s","t","/","2","0","4","3","9",".","j","p","g"
"0.0772178"
"t","e","s","t","/","2","0","4","4","0",".","j","p","g"
"8.8278e-06"
"t","e","s","t","/","2","0","4","4","1",".","j","p","g"
"0.0087502"
"t","e","s","t","/","2","0","4","4","2",".","j","p","g"
"0.270551"
"t","e","s","t","/","2","0","4","4","3",".","j","p","g"
"4.16973e-06"
"t","e","s","t","/","2","0","4","4","4",".","j","p","g"
"0.0519203"
"t","e","s","t","/","2","0","4","4","5",".","j","p","g"
"6.41283e-05"
"t","e","s","t","/","2","0","4","4","6",".","j","p","g"
"0.439355"
"t","e","s","t","/","2","0","4","4","7",".","j","p","g"
"0.00394775"
"t","e","s","t","/","2","0","4","4","8",".","j","p","g"
"0.11941"
"t","e","s","t","/","2","0","4","4","9",".","j","p","g"
"0.00542912"
"t","e","s","t","/","2","0","4","5","0",".","j","p","g"
"0.0921221"
"t","e","s","t","/","2","0","4","5","1",".","j","p","g"
"0.0152241"
"t","e","s","t","/","2","0","4","5","2",".","j","p","g"
"0.000196444"
"t","e","s","t","/","2","0","4","5","3",".","j","p","g"
"0.000738669"
"t","e","s","t","/","2","0","4","5","4",".","j","p","g"
"0.0351135"
"t","e","s","t","/","2","0","4","5","5",".","j","p","g"
"0.00311386"
"t","e","s","t","/","2","0","4","5","6",".","j","p","g"
"0.000126533"
"t","e","s","t","/","2","0","4","5","7",".","j","p","g"
"1.98387e-06"
"t","e","s","t","/","2","0","4","5","8",".","j","p","g"
"0.771398"
"t","e","s","t","/","2","0","4","5","9",".","j","p","g"
"0.0581821"
"t","e","s","t","/","2","0","4","6","0",".","j","p","g"
"0.0341132"
"t","e","s","t","/","2","0","4","6","1",".","j","p","g"
"3.66102e-05"
"t","e","s","t","/","2","0","4","6","2",".","j","p","g"
"0.000273323"
"t","e","s","t","/","2","0","4","6","3",".","j","p","g"
"0.00308574"
"t","e","s","t","/","2","0","4","6","4",".","j","p","g"
"0.149951"
"t","e","s","t","/","2","0","4","6","5",".","j","p","g"
"0.197133"
"t","e","s","t","/","2","0","4","6","6",".","j","p","g"
"1.40294e-07"
"t","e","s","t","/","2","0","4","6","7",".","j","p","g"
"7.74699e-05"
"t","e","s","t","/","2","0","4","6","8",".","j","p","g"
"0.456298"
"t","e","s","t","/","2","0","4","6","9",".","j","p","g"
"0.000345354"
"t","e","s","t","/","2","0","4","7","0",".","j","p","g"
"0.142772"
"t","e","s","t","/","2","0","4","7","1",".","j","p","g"
"0.00413192"
"t","e","s","t","/","2","0","4","7","2",".","j","p","g"
"2.55681e-05"
"t","e","s","t","/","2","0","4","7","3",".","j","p","g"
"0.000269742"
"t","e","s","t","/","2","0","4","7","4",".","j","p","g"
"2.82114e-06"
"t","e","s","t","/","2","0","4","7","5",".","j","p","g"
"6.03001e-05"
"t","e","s","t","/","2","0","4","7","6",".","j","p","g"
"0.517761"
"t","e","s","t","/","2","0","4","7","7",".","j","p","g"
"1.04887e-05"
"t","e","s","t","/","2","0","4","7","8",".","j","p","g"
"0.248904"
"t","e","s","t","/","2","0","4","7","9",".","j","p","g"
"3.69915e-09"
"t","e","s","t","/","2","0","4","8","0",".","j","p","g"
"0.00406669"
"t","e","s","t","/","2","0","4","8","1",".","j","p","g"
"2.69761e-08"
"t","e","s","t","/","2","0","4","8","2",".","j","p","g"
"0.346983"
"t","e","s","t","/","2","0","4","8","3",".","j","p","g"
"0.39521"
"t","e","s","t","/","2","0","4","8","4",".","j","p","g"
"0.00010051"
"t","e","s","t","/","2","0","4","8","5",".","j","p","g"
"0.0134244"
"t","e","s","t","/","2","0","4","8","6",".","j","p","g"
"9.83029e-09"
"t","e","s","t","/","2","0","4","8","7",".","j","p","g"
"1.99471e-06"
"t","e","s","t","/","2","0","4","8","8",".","j","p","g"
"0.999756"
"t","e","s","t","/","2","0","4","8","9",".","j","p","g"
"0.180251"
"t","e","s","t","/","2","0","4","9","0",".","j","p","g"
"2.6872e-07"
"t","e","s","t","/","2","0","4","9","1",".","j","p","g"
"0.620038"
"t","e","s","t","/","2","0","4","9","2",".","j","p","g"
"0.0294417"
"t","e","s","t","/","2","0","4","9","3",".","j","p","g"
"0.00214141"
"t","e","s","t","/","2","0","4","9","4",".","j","p","g"
"0.000141957"
"t","e","s","t","/","2","0","4","9","5",".","j","p","g"
"1.06226e-08"
"t","e","s","t","/","2","0","4","9","6",".","j","p","g"
"0.00148847"
"t","e","s","t","/","2","0","4","9","7",".","j","p","g"
"0.0387145"
"t","e","s","t","/","2","0","4","9","8",".","j","p","g"
"0.999996"
"t","e","s","t","/","2","0","4","9","9",".","j","p","g"
"0.000904856"
"t","e","s","t","/","2","0","5","0","0",".","j","p","g"
"1.95691e-05"
"t","e","s","t","/","2","0","5","0","1",".","j","p","g"
"1.22048e-09"
"t","e","s","t","/","2","0","5","0","2",".","j","p","g"
"0.178498"
"t","e","s","t","/","2","0","5","0","3",".","j","p","g"
"0.000652219"
"t","e","s","t","/","2","0","5","0","4",".","j","p","g"
"1.03723e-05"
"t","e","s","t","/","2","0","5","0","5",".","j","p","g"
"0.00108733"
"t","e","s","t","/","2","0","5","0","6",".","j","p","g"
"9.75173e-08"
"t","e","s","t","/","2","0","5","0","7",".","j","p","g"
"6.71891e-08"
"t","e","s","t","/","2","0","5","0","8",".","j","p","g"
"0.240594"
"t","e","s","t","/","2","0","5","0","9",".","j","p","g"
"3.57284e-05"
"t","e","s","t","/","2","0","5","1","0",".","j","p","g"
"0.218475"
"t","e","s","t","/","2","0","5","1","1",".","j","p","g"
"0.98366"
"t","e","s","t","/","2","0","5","1","2",".","j","p","g"
"0.234383"
"t","e","s","t","/","2","0","5","1","3",".","j","p","g"
"2.78239e-11"
"t","e","s","t","/","2","0","5","1","4",".","j","p","g"
"0.396958"
"t","e","s","t","/","2","0","5","1","5",".","j","p","g"
"2.99114e-07"
"t","e","s","t","/","2","0","5","1","6",".","j","p","g"
"5.38827e-08"
"t","e","s","t","/","2","0","5","1","7",".","j","p","g"
"0.60821"
"t","e","s","t","/","2","0","5","1","8",".","j","p","g"
"0.00569327"
"t","e","s","t","/","2","0","5","1","9",".","j","p","g"
"0.000441846"
"t","e","s","t","/","2","0","5","2","0",".","j","p","g"
"0.000108599"
"t","e","s","t","/","2","0","5","2","1",".","j","p","g"
"1.32176e-06"
"t","e","s","t","/","2","0","5","2","2",".","j","p","g"
"1.12989e-10"
"t","e","s","t","/","2","0","5","2","3",".","j","p","g"
"2.03659e-06"
"t","e","s","t","/","2","0","5","2","4",".","j","p","g"
"0.153579"
"t","e","s","t","/","2","0","5","2","5",".","j","p","g"
"0.00013463"
"t","e","s","t","/","2","0","5","2","6",".","j","p","g"
"0.00121054"
"t","e","s","t","/","2","0","5","2","7",".","j","p","g"
"3.03164e-10"
"t","e","s","t","/","2","0","5","2","8",".","j","p","g"
"0.000284024"
"t","e","s","t","/","2","0","5","2","9",".","j","p","g"
"0.0107222"
"t","e","s","t","/","2","0","5","3","0",".","j","p","g"
"0.00432129"
"t","e","s","t","/","2","0","5","3","1",".","j","p","g"
"0.000179155"
"t","e","s","t","/","2","0","5","3","2",".","j","p","g"
"0.871368"
"t","e","s","t","/","2","0","5","3","3",".","j","p","g"
"0.0042995"
"t","e","s","t","/","2","0","5","3","4",".","j","p","g"
"8.52749e-05"
"t","e","s","t","/","2","0","5","3","5",".","j","p","g"
"9.72493e-06"
"t","e","s","t","/","2","0","5","3","6",".","j","p","g"
"0.00287916"
"t","e","s","t","/","2","0","5","3","7",".","j","p","g"
"0.0384925"
"t","e","s","t","/","2","0","5","3","8",".","j","p","g"
"3.96381e-08"
"t","e","s","t","/","2","0","5","3","9",".","j","p","g"
"6.13419e-09"
"t","e","s","t","/","2","0","5","4","0",".","j","p","g"
"0.661626"
"t","e","s","t","/","2","0","5","4","1",".","j","p","g"
"0.0525134"
"t","e","s","t","/","2","0","5","4","2",".","j","p","g"
"0.258182"
"t","e","s","t","/","2","0","5","4","3",".","j","p","g"
"4.56897e-05"
"t","e","s","t","/","2","0","5","4","4",".","j","p","g"
"0.681865"
"t","e","s","t","/","2","0","5","4","5",".","j","p","g"
"0.00360199"
"t","e","s","t","/","2","0","5","4","6",".","j","p","g"
"6.61727e-05"
"t","e","s","t","/","2","0","5","4","7",".","j","p","g"
"0.87382"
"t","e","s","t","/","2","0","5","4","8",".","j","p","g"
"1.55846e-07"
"t","e","s","t","/","2","0","5","4","9",".","j","p","g"
"0.261998"
"t","e","s","t","/","2","0","5","5","0",".","j","p","g"
"6.72489e-07"
"t","e","s","t","/","2","0","5","5","1",".","j","p","g"
"1.1041e-07"
"t","e","s","t","/","2","0","5","5","2",".","j","p","g"
"0.0298195"
"t","e","s","t","/","2","0","5","5","3",".","j","p","g"
"0.000141526"
"t","e","s","t","/","2","0","5","5","4",".","j","p","g"
"0.063395"
"t","e","s","t","/","2","0","5","5","5",".","j","p","g"
"0.000298628"
"t","e","s","t","/","2","0","5","5","6",".","j","p","g"
"0.133444"
"t","e","s","t","/","2","0","5","5","7",".","j","p","g"
"1.70935e-08"
"t","e","s","t","/","2","0","5","5","8",".","j","p","g"
"3.20091e-06"
"t","e","s","t","/","2","0","5","5","9",".","j","p","g"
"0.000172068"
"t","e","s","t","/","2","0","5","6","0",".","j","p","g"
"2.11526e-10"
"t","e","s","t","/","2","0","5","6","1",".","j","p","g"
"7.77693e-09"
"t","e","s","t","/","2","0","5","6","2",".","j","p","g"
"9.77442e-05"
"t","e","s","t","/","2","0","5","6","3",".","j","p","g"
"5.60602e-06"
"t","e","s","t","/","2","0","5","6","4",".","j","p","g"
"0.0366069"
"t","e","s","t","/","2","0","5","6","5",".","j","p","g"
"0.00192652"
"t","e","s","t","/","2","0","5","6","6",".","j","p","g"
"5.54485e-09"
"t","e","s","t","/","2","0","5","6","7",".","j","p","g"
"0.0298646"
"t","e","s","t","/","2","0","5","6","8",".","j","p","g"
"0.00315962"
"t","e","s","t","/","2","0","5","6","9",".","j","p","g"
"0.000202112"
"t","e","s","t","/","2","0","5","7","0",".","j","p","g"
"0.0503537"
"t","e","s","t","/","2","0","5","7","1",".","j","p","g"
"2.62835e-09"
"t","e","s","t","/","2","0","5","7","2",".","j","p","g"
"3.09944e-05"
"t","e","s","t","/","2","0","5","7","3",".","j","p","g"
"1.07809e-05"
"t","e","s","t","/","2","0","5","7","4",".","j","p","g"
"0.989825"
"t","e","s","t","/","2","0","5","7","5",".","j","p","g"
"1.13746e-05"
"t","e","s","t","/","2","0","5","7","6",".","j","p","g"
"4.61765e-07"
"t","e","s","t","/","2","0","5","7","7",".","j","p","g"
"0.664518"
"t","e","s","t","/","2","0","5","7","8",".","j","p","g"
"0.745388"
"t","e","s","t","/","2","0","5","7","9",".","j","p","g"
"0.0011679"
"t","e","s","t","/","2","0","5","8","0",".","j","p","g"
"0.78649"
"t","e","s","t","/","2","0","5","8","1",".","j","p","g"
"0.00107273"
"t","e","s","t","/","2","0","5","8","2",".","j","p","g"
"0.000137313"
"t","e","s","t","/","2","0","5","8","3",".","j","p","g"
"0.531599"
"t","e","s","t","/","2","0","5","8","4",".","j","p","g"
"0.0232921"
"t","e","s","t","/","2","0","5","8","5",".","j","p","g"
"5.12626e-05"
"t","e","s","t","/","2","0","5","8","6",".","j","p","g"
"0.010922"
"t","e","s","t","/","2","0","5","8","7",".","j","p","g"
"0.000104825"
"t","e","s","t","/","2","0","5","8","8",".","j","p","g"
"0.132917"
"t","e","s","t","/","2","0","5","8","9",".","j","p","g"
"4.91013e-05"
"t","e","s","t","/","2","0","5","9","0",".","j","p","g"
"0.000165476"
"t","e","s","t","/","2","0","5","9","1",".","j","p","g"
"0.939102"
"t","e","s","t","/","2","0","5","9","2",".","j","p","g"
"0.000169102"
"t","e","s","t","/","2","0","5","9","3",".","j","p","g"
"0.0035193"
"t","e","s","t","/","2","0","5","9","4",".","j","p","g"
"4.83398e-09"
"t","e","s","t","/","2","0","5","9","5",".","j","p","g"
"9.39644e-07"
"t","e","s","t","/","2","0","5","9","6",".","j","p","g"
"0.00198906"
"t","e","s","t","/","2","0","5","9","7",".","j","p","g"
"0.00930199"
"t","e","s","t","/","2","0","5","9","8",".","j","p","g"
"0.997281"
"t","e","s","t","/","2","0","5","9","9",".","j","p","g"
"5.90767e-05"
"t","e","s","t","/","2","0","6","0","0",".","j","p","g"
"0.0309011"
"t","e","s","t","/","2","0","6","0","1",".","j","p","g"
"1.38796e-06"
"t","e","s","t","/","2","0","6","0","2",".","j","p","g"
"0.104505"
"t","e","s","t","/","2","0","6","0","3",".","j","p","g"
"0.00156219"
"t","e","s","t","/","2","0","6","0","4",".","j","p","g"
"0.922347"
"t","e","s","t","/","2","0","6","0","5",".","j","p","g"
"0.00025932"
"t","e","s","t","/","2","0","6","0","6",".","j","p","g"
"0.000228181"
"t","e","s","t","/","2","0","6","0","7",".","j","p","g"
"0.554003"
"t","e","s","t","/","2","0","6","0","8",".","j","p","g"
"0.10951"
"t","e","s","t","/","2","0","6","0","9",".","j","p","g"
"6.76293e-09"
"t","e","s","t","/","2","0","6","1","0",".","j","p","g"
"0.000207473"
"t","e","s","t","/","2","0","6","1","1",".","j","p","g"
"8.94319e-09"
"t","e","s","t","/","2","0","6","1","2",".","j","p","g"
"0.0496304"
"t","e","s","t","/","2","0","6","1","3",".","j","p","g"
"6.61167e-07"
"t","e","s","t","/","2","0","6","1","4",".","j","p","g"
"0.00748459"
"t","e","s","t","/","2","0","6","1","5",".","j","p","g"
"1.50021e-07"
"t","e","s","t","/","2","0","6","1","6",".","j","p","g"
"2.49912e-06"
"t","e","s","t","/","2","0","6","1","7",".","j","p","g"
"2.08405e-07"
"t","e","s","t","/","2","0","6","1","8",".","j","p","g"
"0.0404331"
"t","e","s","t","/","2","0","6","1","9",".","j","p","g"
"0.000580205"
"t","e","s","t","/","2","0","6","2","0",".","j","p","g"
"0.00125148"
"t","e","s","t","/","2","0","6","2","1",".","j","p","g"
"0.9981"
"t","e","s","t","/","2","0","6","2","2",".","j","p","g"
"0.000256196"
"t","e","s","t","/","2","0","6","2","3",".","j","p","g"
"0.00614937"
"t","e","s","t","/","2","0","6","2","4",".","j","p","g"
"2.22777e-08"
"t","e","s","t","/","2","0","6","2","5",".","j","p","g"
"0.000394527"
"t","e","s","t","/","2","0","6","2","6",".","j","p","g"
"0.993148"
"t","e","s","t","/","2","0","6","2","7",".","j","p","g"
"0.362778"
"t","e","s","t","/","2","0","6","2","8",".","j","p","g"
"0.720518"
"t","e","s","t","/","2","0","6","2","9",".","j","p","g"
"9.07994e-07"
"t","e","s","t","/","2","0","6","3","0",".","j","p","g"
"0.000337268"
"t","e","s","t","/","2","0","6","3","1",".","j","p","g"
"0.37586"
"t","e","s","t","/","2","0","6","3","2",".","j","p","g"
"0.00010167"
"t","e","s","t","/","2","0","6","3","3",".","j","p","g"
"0.000505857"
"t","e","s","t","/","2","0","6","3","4",".","j","p","g"
"5.43728e-07"
"t","e","s","t","/","2","0","6","3","5",".","j","p","g"
"6.64546e-08"
"t","e","s","t","/","2","0","6","3","6",".","j","p","g"
"0.919698"
"t","e","s","t","/","2","0","6","3","7",".","j","p","g"
"0.909128"
"t","e","s","t","/","2","0","6","3","8",".","j","p","g"
"0.0106559"
"t","e","s","t","/","2","0","6","3","9",".","j","p","g"
"0.0708153"
"t","e","s","t","/","2","0","6","4","0",".","j","p","g"
"0.00860399"
"t","e","s","t","/","2","0","6","4","1",".","j","p","g"
"2.72408e-09"
"t","e","s","t","/","2","0","6","4","2",".","j","p","g"
"0.000783315"
"t","e","s","t","/","2","0","6","4","3",".","j","p","g"
"4.5527e-05"
"t","e","s","t","/","2","0","6","4","4",".","j","p","g"
"1.33614e-06"
"t","e","s","t","/","2","0","6","4","5",".","j","p","g"
"0.000242063"
"t","e","s","t","/","2","0","6","4","6",".","j","p","g"
"0.183406"
"t","e","s","t","/","2","0","6","4","7",".","j","p","g"
"0.421802"
"t","e","s","t","/","2","0","6","4","8",".","j","p","g"
"0.00365199"
"t","e","s","t","/","2","0","6","4","9",".","j","p","g"
"0.434306"
"t","e","s","t","/","2","0","6","5","0",".","j","p","g"
"1.42066e-06"
"t","e","s","t","/","2","0","6","5","1",".","j","p","g"
"2.66051e-07"
"t","e","s","t","/","2","0","6","5","2",".","j","p","g"
"0.0225813"
"t","e","s","t","/","2","0","6","5","3",".","j","p","g"
"0.0810348"
"t","e","s","t","/","2","0","6","5","4",".","j","p","g"
"0.000261857"
"t","e","s","t","/","2","0","6","5","5",".","j","p","g"
"0.438583"
"t","e","s","t","/","2","0","6","5","6",".","j","p","g"
"0.00103859"
"t","e","s","t","/","2","0","6","5","7",".","j","p","g"
"1.47929e-08"
"t","e","s","t","/","2","0","6","5","8",".","j","p","g"
"0.0169894"
"t","e","s","t","/","2","0","6","5","9",".","j","p","g"
"0.0767283"
"t","e","s","t","/","2","0","6","6","0",".","j","p","g"
"5.04494e-06"
"t","e","s","t","/","2","0","6","6","1",".","j","p","g"
"2.3647e-09"
"t","e","s","t","/","2","0","6","6","2",".","j","p","g"
"0.452889"
"t","e","s","t","/","2","0","6","6","3",".","j","p","g"
"0.0247693"
"t","e","s","t","/","2","0","6","6","4",".","j","p","g"
"8.15683e-08"
"t","e","s","t","/","2","0","6","6","5",".","j","p","g"
"0.00213675"
"t","e","s","t","/","2","0","6","6","6",".","j","p","g"
"1.88087e-07"
"t","e","s","t","/","2","0","6","6","7",".","j","p","g"
"0.378212"
"t","e","s","t","/","2","0","6","6","8",".","j","p","g"
"0.0132723"
"t","e","s","t","/","2","0","6","6","9",".","j","p","g"
"0.665443"
"t","e","s","t","/","2","0","6","7","0",".","j","p","g"
"0.211567"
"t","e","s","t","/","2","0","6","7","1",".","j","p","g"
"0.0191655"
"t","e","s","t","/","2","0","6","7","2",".","j","p","g"
"3.77253e-06"
"t","e","s","t","/","2","0","6","7","3",".","j","p","g"
"7.36542e-06"
"t","e","s","t","/","2","0","6","7","4",".","j","p","g"
"5.16656e-12"
"t","e","s","t","/","2","0","6","7","5",".","j","p","g"
"0.711293"
"t","e","s","t","/","2","0","6","7","6",".","j","p","g"
"3.95492e-07"
"t","e","s","t","/","2","0","6","7","7",".","j","p","g"
"0.175897"
"t","e","s","t","/","2","0","6","7","8",".","j","p","g"
"0.57799"
"t","e","s","t","/","2","0","6","7","9",".","j","p","g"
"1.22478e-08"
"t","e","s","t","/","2","0","6","8","0",".","j","p","g"
"0.0305353"
"t","e","s","t","/","2","0","6","8","1",".","j","p","g"
"0.0347995"
"t","e","s","t","/","2","0","6","8","2",".","j","p","g"
"0.000125599"
"t","e","s","t","/","2","0","6","8","3",".","j","p","g"
"0.0103053"
"t","e","s","t","/","2","0","6","8","4",".","j","p","g"
"0.000369624"
"t","e","s","t","/","2","0","6","8","5",".","j","p","g"
"0.683555"
"t","e","s","t","/","2","0","6","8","6",".","j","p","g"
"0.0165181"
"t","e","s","t","/","2","0","6","8","7",".","j","p","g"
"9.30951e-08"
"t","e","s","t","/","2","0","6","8","8",".","j","p","g"
"8.73618e-05"
"t","e","s","t","/","2","0","6","8","9",".","j","p","g"
"0.000440164"
"t","e","s","t","/","2","0","6","9","0",".","j","p","g"
"0.965514"
"t","e","s","t","/","2","0","6","9","1",".","j","p","g"
"3.88457e-05"
"t","e","s","t","/","2","0","6","9","2",".","j","p","g"
"0.55082"
"t","e","s","t","/","2","0","6","9","3",".","j","p","g"
"0.00920311"
"t","e","s","t","/","2","0","6","9","4",".","j","p","g"
"0.00212394"
"t","e","s","t","/","2","0","6","9","5",".","j","p","g"
"0.000261189"
"t","e","s","t","/","2","0","6","9","6",".","j","p","g"
"3.76686e-10"
"t","e","s","t","/","2","0","6","9","7",".","j","p","g"
"0.0188673"
"t","e","s","t","/","2","0","6","9","8",".","j","p","g"
"0.975845"
"t","e","s","t","/","2","0","6","9","9",".","j","p","g"
"5.34721e-07"
"t","e","s","t","/","2","0","7","0","0",".","j","p","g"
"2.81038e-18"
"t","e","s","t","/","2","0","7","0","1",".","j","p","g"
"0.00276591"
"t","e","s","t","/","2","0","7","0","2",".","j","p","g"
"1.2408e-06"
"t","e","s","t","/","2","0","7","0","3",".","j","p","g"
"0.64956"
"t","e","s","t","/","2","0","7","0","4",".","j","p","g"
"0.000247415"
"t","e","s","t","/","2","0","7","0","5",".","j","p","g"
"0.320084"
"t","e","s","t","/","2","0","7","0","6",".","j","p","g"
"0.989421"
"t","e","s","t","/","2","0","7","0","7",".","j","p","g"
"0.00021452"
"t","e","s","t","/","2","0","7","0","8",".","j","p","g"
"0.114512"
"t","e","s","t","/","2","0","7","0","9",".","j","p","g"
"0.0142263"
"t","e","s","t","/","2","0","7","1","0",".","j","p","g"
"1.46526e-07"
"t","e","s","t","/","2","0","7","1","1",".","j","p","g"
"6.72869e-05"
"t","e","s","t","/","2","0","7","1","2",".","j","p","g"
"0.0313023"
"t","e","s","t","/","2","0","7","1","3",".","j","p","g"
"9.07252e-06"
"t","e","s","t","/","2","0","7","1","4",".","j","p","g"
"2.9202e-05"
"t","e","s","t","/","2","0","7","1","5",".","j","p","g"
"0.00872193"
"t","e","s","t","/","2","0","7","1","6",".","j","p","g"
"8.18137e-07"
"t","e","s","t","/","2","0","7","1","7",".","j","p","g"
"9.65525e-05"
"t","e","s","t","/","2","0","7","1","8",".","j","p","g"
"0.0179299"
"t","e","s","t","/","2","0","7","1","9",".","j","p","g"
"0.991924"
"t","e","s","t","/","2","0","7","2","0",".","j","p","g"
"0.661304"
"t","e","s","t","/","2","0","7","2","1",".","j","p","g"
"0.566714"
"t","e","s","t","/","2","0","7","2","2",".","j","p","g"
"0.00169848"
"t","e","s","t","/","2","0","7","2","3",".","j","p","g"
"1.84155e-06"
"t","e","s","t","/","2","0","7","2","4",".","j","p","g"
"0.00538373"
"t","e","s","t","/","2","0","7","2","5",".","j","p","g"
"0.0652405"
"t","e","s","t","/","2","0","7","2","6",".","j","p","g"
"0.766625"
"t","e","s","t","/","2","0","7","2","7",".","j","p","g"
"1.71611e-05"
"t","e","s","t","/","2","0","7","2","8",".","j","p","g"
"0.281408"
"t","e","s","t","/","2","0","7","2","9",".","j","p","g"
"0.0313927"
"t","e","s","t","/","2","0","7","3","0",".","j","p","g"
"0.951141"
"t","e","s","t","/","2","0","7","3","1",".","j","p","g"
"0.447001"
"t","e","s","t","/","2","0","7","3","2",".","j","p","g"
"0.355761"
"t","e","s","t","/","2","0","7","3","3",".","j","p","g"
"0.00461429"
"t","e","s","t","/","2","0","7","3","4",".","j","p","g"
"0.717952"
"t","e","s","t","/","2","0","7","3","5",".","j","p","g"
"2.35323e-06"
"t","e","s","t","/","2","0","7","3","6",".","j","p","g"
"0.0116326"
"t","e","s","t","/","2","0","7","3","7",".","j","p","g"
"0.000129592"
"t","e","s","t","/","2","0","7","3","8",".","j","p","g"
"0.00742844"
"t","e","s","t","/","2","0","7","3","9",".","j","p","g"
"0.168143"
"t","e","s","t","/","2","0","7","4","0",".","j","p","g"
"0.0412349"
"t","e","s","t","/","2","0","7","4","1",".","j","p","g"
"0.000611134"
"t","e","s","t","/","2","0","7","4","2",".","j","p","g"
"0.437272"
"t","e","s","t","/","2","0","7","4","3",".","j","p","g"
"0.0773894"
"t","e","s","t","/","2","0","7","4","4",".","j","p","g"
"0.000877567"
"t","e","s","t","/","2","0","7","4","5",".","j","p","g"
"0.175008"
"t","e","s","t","/","2","0","7","4","6",".","j","p","g"
"0.00663701"
"t","e","s","t","/","2","0","7","4","7",".","j","p","g"
"0.0456999"
"t","e","s","t","/","2","0","7","4","8",".","j","p","g"
"1.54603e-06"
"t","e","s","t","/","2","0","7","4","9",".","j","p","g"
"1.21795e-06"
"t","e","s","t","/","2","0","7","5","0",".","j","p","g"
"0.00127426"
"t","e","s","t","/","2","0","7","5","1",".","j","p","g"
"0.237728"
"t","e","s","t","/","2","0","7","5","2",".","j","p","g"
"0.00024006"
"t","e","s","t","/","2","0","7","5","3",".","j","p","g"
"0.00265971"
"t","e","s","t","/","2","0","7","5","4",".","j","p","g"
"6.5836e-07"
"t","e","s","t","/","2","0","7","5","5",".","j","p","g"
"0.406935"
"t","e","s","t","/","2","0","7","5","6",".","j","p","g"
"0.152999"
"t","e","s","t","/","2","0","7","5","7",".","j","p","g"
"0.0530873"
"t","e","s","t","/","2","0","7","5","8",".","j","p","g"
"0.00309492"
"t","e","s","t","/","2","0","7","5","9",".","j","p","g"
"0.000300512"
"t","e","s","t","/","2","0","7","6","0",".","j","p","g"
"0.0096501"
"t","e","s","t","/","2","0","7","6","1",".","j","p","g"
"0.0235518"
"t","e","s","t","/","2","0","7","6","2",".","j","p","g"
"0.0140195"
"t","e","s","t","/","2","0","7","6","3",".","j","p","g"
"4.70358e-05"
"t","e","s","t","/","2","0","7","6","4",".","j","p","g"
"3.22407e-07"
"t","e","s","t","/","2","0","7","6","5",".","j","p","g"
"0.00142433"
"t","e","s","t","/","2","0","7","6","6",".","j","p","g"
"0.0138821"
"t","e","s","t","/","2","0","7","6","7",".","j","p","g"
"0.50135"
"t","e","s","t","/","2","0","7","6","8",".","j","p","g"
"2.60674e-06"
"t","e","s","t","/","2","0","7","6","9",".","j","p","g"
"0.000119639"
"t","e","s","t","/","2","0","7","7","0",".","j","p","g"
"4.1155e-05"
"t","e","s","t","/","2","0","7","7","1",".","j","p","g"
"0.512829"
"t","e","s","t","/","2","0","7","7","2",".","j","p","g"
"0.693069"
"t","e","s","t","/","2","0","7","7","3",".","j","p","g"
"0.926987"
"t","e","s","t","/","2","0","7","7","4",".","j","p","g"
"2.03948e-06"
"t","e","s","t","/","2","0","7","7","5",".","j","p","g"
"0.000326244"
"t","e","s","t","/","2","0","7","7","6",".","j","p","g"
"1.13571e-07"
"t","e","s","t","/","2","0","7","7","7",".","j","p","g"
"0.776769"
"t","e","s","t","/","2","0","7","7","8",".","j","p","g"
"9.39166e-12"
"t","e","s","t","/","2","0","7","7","9",".","j","p","g"
"0.244167"
"t","e","s","t","/","2","0","7","8","0",".","j","p","g"
"0.992986"
"t","e","s","t","/","2","0","7","8","1",".","j","p","g"
"0.911882"
"t","e","s","t","/","2","0","7","8","2",".","j","p","g"
"0.00566773"
"t","e","s","t","/","2","0","7","8","3",".","j","p","g"
"0.00276909"
"t","e","s","t","/","2","0","7","8","4",".","j","p","g"
"0.00683166"
"t","e","s","t","/","2","0","7","8","5",".","j","p","g"
"1.01601e-08"
"t","e","s","t","/","2","0","7","8","6",".","j","p","g"
"1.87818e-08"
"t","e","s","t","/","2","0","7","8","7",".","j","p","g"
"2.18668e-05"
"t","e","s","t","/","2","0","7","8","8",".","j","p","g"
"3.21152e-05"
"t","e","s","t","/","2","0","7","8","9",".","j","p","g"
"1.12225e-09"
"t","e","s","t","/","2","0","7","9","0",".","j","p","g"
"0.000256992"
"t","e","s","t","/","2","0","7","9","1",".","j","p","g"
"9.91818e-10"
"t","e","s","t","/","2","0","7","9","2",".","j","p","g"
"0.522108"
"t","e","s","t","/","2","0","7","9","3",".","j","p","g"
"0.00688066"
"t","e","s","t","/","2","0","7","9","4",".","j","p","g"
"0.00645962"
"t","e","s","t","/","2","0","7","9","5",".","j","p","g"
"7.08561e-06"
"t","e","s","t","/","2","0","7","9","6",".","j","p","g"
"0.00260615"
"t","e","s","t","/","2","0","7","9","7",".","j","p","g"
"5.71098e-07"
"t","e","s","t","/","2","0","7","9","8",".","j","p","g"
"5.84737e-08"
"t","e","s","t","/","2","0","7","9","9",".","j","p","g"
"0.000980769"
"t","e","s","t","/","2","0","8","0","0",".","j","p","g"
"0.688428"
"t","e","s","t","/","2","0","8","0","1",".","j","p","g"
"0.0228289"
"t","e","s","t","/","2","0","8","0","2",".","j","p","g"
"0.99567"
"t","e","s","t","/","2","0","8","0","3",".","j","p","g"
"0.623946"
"t","e","s","t","/","2","0","8","0","4",".","j","p","g"
"1.93801e-05"
"t","e","s","t","/","2","0","8","0","5",".","j","p","g"
"2.46689e-05"
"t","e","s","t","/","2","0","8","0","6",".","j","p","g"
"0.688239"
"t","e","s","t","/","2","0","8","0","7",".","j","p","g"
"0.894942"
"t","e","s","t","/","2","0","8","0","8",".","j","p","g"
"0.0145552"
"t","e","s","t","/","2","0","8","0","9",".","j","p","g"
"4.97355e-05"
"t","e","s","t","/","2","0","8","1","0",".","j","p","g"
"0.00020197"
"t","e","s","t","/","2","0","8","1","1",".","j","p","g"
"0.196129"
"t","e","s","t","/","2","0","8","1","2",".","j","p","g"
"0.208353"
"t","e","s","t","/","2","0","8","1","3",".","j","p","g"
"0.899597"
"t","e","s","t","/","2","0","8","1","4",".","j","p","g"
"0.353072"
"t","e","s","t","/","2","0","8","1","5",".","j","p","g"
"6.85656e-11"
"t","e","s","t","/","2","0","8","1","6",".","j","p","g"
"5.32214e-05"
"t","e","s","t","/","2","0","8","1","7",".","j","p","g"
"8.89154e-08"
"t","e","s","t","/","2","0","8","1","8",".","j","p","g"
"0.000401712"
"t","e","s","t","/","2","0","8","1","9",".","j","p","g"
"0.000530683"
"t","e","s","t","/","2","0","8","2","0",".","j","p","g"
"0.793865"
"t","e","s","t","/","2","0","8","2","1",".","j","p","g"
"0.00120934"
"t","e","s","t","/","2","0","8","2","2",".","j","p","g"
"6.60943e-06"
"t","e","s","t","/","2","0","8","2","3",".","j","p","g"
"8.44651e-05"
"t","e","s","t","/","2","0","8","2","4",".","j","p","g"
"3.23644e-05"
"t","e","s","t","/","2","0","8","2","5",".","j","p","g"
"2.53115e-12"
"t","e","s","t","/","2","0","8","2","6",".","j","p","g"
"3.27326e-12"
"t","e","s","t","/","2","0","8","2","7",".","j","p","g"
"0.00458588"
"t","e","s","t","/","2","0","8","2","8",".","j","p","g"
"4.6824e-10"
"t","e","s","t","/","2","0","8","2","9",".","j","p","g"
"0.00379003"
"t","e","s","t","/","2","0","8","3","0",".","j","p","g"
"0.102738"
"t","e","s","t","/","2","0","8","3","1",".","j","p","g"
"6.34748e-10"
"t","e","s","t","/","2","0","8","3","2",".","j","p","g"
"0.998204"
"t","e","s","t","/","2","0","8","3","3",".","j","p","g"
"0.975609"
"t","e","s","t","/","2","0","8","3","4",".","j","p","g"
"0.595291"
"t","e","s","t","/","2","0","8","3","5",".","j","p","g"
"2.95133e-05"
"t","e","s","t","/","2","0","8","3","6",".","j","p","g"
"0.0574588"
"t","e","s","t","/","2","0","8","3","7",".","j","p","g"
"1.19072e-06"
"t","e","s","t","/","2","0","8","3","8",".","j","p","g"
"3.13944e-05"
"t","e","s","t","/","2","0","8","3","9",".","j","p","g"
"0.789798"
"t","e","s","t","/","2","0","8","4","0",".","j","p","g"
"0.00396693"
"t","e","s","t","/","2","0","8","4","1",".","j","p","g"
"1.34795e-11"
"t","e","s","t","/","2","0","8","4","2",".","j","p","g"
"0.000500187"
"t","e","s","t","/","2","0","8","4","3",".","j","p","g"
"0.0590035"
"t","e","s","t","/","2","0","8","4","4",".","j","p","g"
"0.991235"
"t","e","s","t","/","2","0","8","4","5",".","j","p","g"
"4.23476e-06"
"t","e","s","t","/","2","0","8","4","6",".","j","p","g"
"3.25937e-06"
"t","e","s","t","/","2","0","8","4","7",".","j","p","g"
"0.642259"
"t","e","s","t","/","2","0","8","4","8",".","j","p","g"
"2.36334e-05"
"t","e","s","t","/","2","0","8","4","9",".","j","p","g"
"3.53457e-05"
"t","e","s","t","/","2","0","8","5","0",".","j","p","g"
"0.0269468"
"t","e","s","t","/","2","0","8","5","1",".","j","p","g"
"0.996756"
"t","e","s","t","/","2","0","8","5","2",".","j","p","g"
"5.7408e-10"
"t","e","s","t","/","2","0","8","5","3",".","j","p","g"
"0.286063"
"t","e","s","t","/","2","0","8","5","4",".","j","p","g"
"0.0312045"
"t","e","s","t","/","2","0","8","5","5",".","j","p","g"
"0.001259"
"t","e","s","t","/","2","0","8","5","6",".","j","p","g"
"0.0049267"
"t","e","s","t","/","2","0","8","5","7",".","j","p","g"
"8.06019e-05"
"t","e","s","t","/","2","0","8","5","8",".","j","p","g"
"0.938087"
"t","e","s","t","/","2","0","8","5","9",".","j","p","g"
"0.977827"
"t","e","s","t","/","2","0","8","6","0",".","j","p","g"
"0.000235666"
"t","e","s","t","/","2","0","8","6","1",".","j","p","g"
"0.00310289"
"t","e","s","t","/","2","0","8","6","2",".","j","p","g"
"1.61505e-05"
"t","e","s","t","/","2","0","8","6","3",".","j","p","g"
"0.768516"
"t","e","s","t","/","2","0","8","6","4",".","j","p","g"
"0.219453"
"t","e","s","t","/","2","0","8","6","5",".","j","p","g"
"1.11934e-07"
"t","e","s","t","/","2","0","8","6","6",".","j","p","g"
"0.975554"
"t","e","s","t","/","2","0","8","6","7",".","j","p","g"
"0.000874285"
"t","e","s","t","/","2","0","8","6","8",".","j","p","g"
"0.00175296"
"t","e","s","t","/","2","0","8","6","9",".","j","p","g"
"2.98341e-05"
"t","e","s","t","/","2","0","8","7","0",".","j","p","g"
"0.000441778"
"t","e","s","t","/","2","0","8","7","1",".","j","p","g"
"0.942661"
"t","e","s","t","/","2","0","8","7","2",".","j","p","g"
"0.0147454"
"t","e","s","t","/","2","0","8","7","3",".","j","p","g"
"3.64116e-11"
"t","e","s","t","/","2","0","8","7","4",".","j","p","g"
"0.0127229"
"t","e","s","t","/","2","0","8","7","5",".","j","p","g"
"0.553245"
"t","e","s","t","/","2","0","8","7","6",".","j","p","g"
"0.00176951"
"t","e","s","t","/","2","0","8","7","7",".","j","p","g"
"0.0010133"
"t","e","s","t","/","2","0","8","7","8",".","j","p","g"
"0.336095"
"t","e","s","t","/","2","0","8","7","9",".","j","p","g"
"2.15091e-05"
"t","e","s","t","/","2","0","8","8","0",".","j","p","g"
"0.191697"
"t","e","s","t","/","2","0","8","8","1",".","j","p","g"
"0.86342"
"t","e","s","t","/","2","0","8","8","2",".","j","p","g"
"0.0586048"
"t","e","s","t","/","2","0","8","8","3",".","j","p","g"
"3.22234e-05"
"t","e","s","t","/","2","0","8","8","4",".","j","p","g"
"0.228455"
"t","e","s","t","/","2","0","8","8","5",".","j","p","g"
"0.933431"
"t","e","s","t","/","2","0","8","8","6",".","j","p","g"
"0.163298"
"t","e","s","t","/","2","0","8","8","7",".","j","p","g"
"0.408218"
"t","e","s","t","/","2","0","8","8","8",".","j","p","g"
"0.00620048"
"t","e","s","t","/","2","0","8","8","9",".","j","p","g"
"0.244641"
"t","e","s","t","/","2","0","8","9","0",".","j","p","g"
"3.51201e-05"
"t","e","s","t","/","2","0","8","9","1",".","j","p","g"
"0.339132"
"t","e","s","t","/","2","0","8","9","2",".","j","p","g"
"0.163543"
"t","e","s","t","/","2","0","8","9","3",".","j","p","g"
"0.747319"
"t","e","s","t","/","2","0","8","9","4",".","j","p","g"
"4.29804e-07"
"t","e","s","t","/","2","0","8","9","5",".","j","p","g"
"0.989542"
"t","e","s","t","/","2","0","8","9","6",".","j","p","g"
"0.00340725"
"t","e","s","t","/","2","0","8","9","7",".","j","p","g"
"0.0125851"
"t","e","s","t","/","2","0","8","9","8",".","j","p","g"
"0.563088"
"t","e","s","t","/","2","0","8","9","9",".","j","p","g"
"0.0158422"
"t","e","s","t","/","2","0","9","0","0",".","j","p","g"
"0.00598452"
"t","e","s","t","/","2","0","9","0","1",".","j","p","g"
"0.0013839"
"t","e","s","t","/","2","0","9","0","2",".","j","p","g"
"0.00179205"
"t","e","s","t","/","2","0","9","0","3",".","j","p","g"
"0.00742704"
"t","e","s","t","/","2","0","9","0","4",".","j","p","g"
"0.185629"
"t","e","s","t","/","2","0","9","0","5",".","j","p","g"
"0.00269531"
"t","e","s","t","/","2","0","9","0","6",".","j","p","g"
"0.41428"
"t","e","s","t","/","2","0","9","0","7",".","j","p","g"
"0.0786418"
"t","e","s","t","/","2","0","9","0","8",".","j","p","g"
"5.06917e-06"
"t","e","s","t","/","2","0","9","0","9",".","j","p","g"
"6.99566e-05"
"t","e","s","t","/","2","0","9","1","0",".","j","p","g"
"0.00487944"
"t","e","s","t","/","2","0","9","1","1",".","j","p","g"
"0.913523"
"t","e","s","t","/","2","0","9","1","2",".","j","p","g"
"6.97329e-05"
"t","e","s","t","/","2","0","9","1","3",".","j","p","g"
"0.063824"
"t","e","s","t","/","2","0","9","1","4",".","j","p","g"
"2.25372e-09"
"t","e","s","t","/","2","0","9","1","5",".","j","p","g"
"0.00562326"
"t","e","s","t","/","2","0","9","1","6",".","j","p","g"
"0.0884328"
"t","e","s","t","/","2","0","9","1","7",".","j","p","g"
"0.012405"
"t","e","s","t","/","2","0","9","1","8",".","j","p","g"
"9.82102e-05"
"t","e","s","t","/","2","0","9","1","9",".","j","p","g"
"0.000222411"
"t","e","s","t","/","2","0","9","2","0",".","j","p","g"
"0.0389852"
"t","e","s","t","/","2","0","9","2","1",".","j","p","g"
"0.00104935"
"t","e","s","t","/","2","0","9","2","2",".","j","p","g"
"5.25426e-05"
"t","e","s","t","/","2","0","9","2","3",".","j","p","g"
"0.0558655"
"t","e","s","t","/","2","0","9","2","4",".","j","p","g"
"0.849685"
"t","e","s","t","/","2","0","9","2","5",".","j","p","g"
"0.425015"
"t","e","s","t","/","2","0","9","2","6",".","j","p","g"
"0.000141115"
"t","e","s","t","/","2","0","9","2","7",".","j","p","g"
"1.86075e-08"
"t","e","s","t","/","2","0","9","2","8",".","j","p","g"
"0.00391621"
"t","e","s","t","/","2","0","9","2","9",".","j","p","g"
"1.04638e-06"
"t","e","s","t","/","2","0","9","3","0",".","j","p","g"
"1.36366e-06"
"t","e","s","t","/","2","0","9","3","1",".","j","p","g"
"0.0207011"
"t","e","s","t","/","2","0","9","3","2",".","j","p","g"
"0.00358314"
"t","e","s","t","/","2","0","9","3","3",".","j","p","g"
"0.47375"
"t","e","s","t","/","2","0","9","3","4",".","j","p","g"
"7.87796e-05"
"t","e","s","t","/","2","0","9","3","5",".","j","p","g"
"2.18057e-06"
"t","e","s","t","/","2","0","9","3","6",".","j","p","g"
"0.00585219"
"t","e","s","t","/","2","0","9","3","7",".","j","p","g"
"0.200772"
"t","e","s","t","/","2","0","9","3","8",".","j","p","g"
"3.67103e-05"
"t","e","s","t","/","2","0","9","3","9",".","j","p","g"
"0.00739817"
"t","e","s","t","/","2","0","9","4","0",".","j","p","g"
"0.242184"
"t","e","s","t","/","2","0","9","4","1",".","j","p","g"
"0.0593246"
"t","e","s","t","/","2","0","9","4","2",".","j","p","g"
"4.03281e-05"
"t","e","s","t","/","2","0","9","4","3",".","j","p","g"
"0.667867"
"t","e","s","t","/","2","0","9","4","4",".","j","p","g"
"0.999904"
"t","e","s","t","/","2","0","9","4","5",".","j","p","g"
"8.10245e-08"
"t","e","s","t","/","2","0","9","4","6",".","j","p","g"
"0.00100373"
"t","e","s","t","/","2","0","9","4","7",".","j","p","g"
"0.0198025"
"t","e","s","t","/","2","0","9","4","8",".","j","p","g"
"0.256292"
"t","e","s","t","/","2","0","9","4","9",".","j","p","g"
"2.03475e-10"
"t","e","s","t","/","2","0","9","5","0",".","j","p","g"
"0.763798"
"t","e","s","t","/","2","0","9","5","1",".","j","p","g"
"0.000285541"
"t","e","s","t","/","2","0","9","5","2",".","j","p","g"
"4.67825e-08"
"t","e","s","t","/","2","0","9","5","3",".","j","p","g"
"0.474245"
"t","e","s","t","/","2","0","9","5","4",".","j","p","g"
"2.82377e-05"
"t","e","s","t","/","2","0","9","5","5",".","j","p","g"
"0.69854"
"t","e","s","t","/","2","0","9","5","6",".","j","p","g"
"0.00043967"
"t","e","s","t","/","2","0","9","5","7",".","j","p","g"
"0.00855824"
"t","e","s","t","/","2","0","9","5","8",".","j","p","g"
"0.00399307"
"t","e","s","t","/","2","0","9","5","9",".","j","p","g"
"6.27232e-06"
"t","e","s","t","/","2","0","9","6","0",".","j","p","g"
"0.00299379"
"t","e","s","t","/","2","0","9","6","1",".","j","p","g"
"1.81924e-08"
"t","e","s","t","/","2","0","9","6","2",".","j","p","g"
"0.00238065"
"t","e","s","t","/","2","0","9","6","3",".","j","p","g"
"0.111333"
"t","e","s","t","/","2","0","9","6","4",".","j","p","g"
"5.62485e-08"
"t","e","s","t","/","2","0","9","6","5",".","j","p","g"
"5.18994e-06"
"t","e","s","t","/","2","0","9","6","6",".","j","p","g"
"0.610928"
"t","e","s","t","/","2","0","9","6","7",".","j","p","g"
"3.77418e-10"
"t","e","s","t","/","2","0","9","6","8",".","j","p","g"
"0.129626"
"t","e","s","t","/","2","0","9","6","9",".","j","p","g"
"0.000191001"
"t","e","s","t","/","2","0","9","7","0",".","j","p","g"
"3.10528e-06"
"t","e","s","t","/","2","0","9","7","1",".","j","p","g"
"5.83374e-08"
"t","e","s","t","/","2","0","9","7","2",".","j","p","g"
"0.999939"
"t","e","s","t","/","2","0","9","7","3",".","j","p","g"
"5.67413e-07"
"t","e","s","t","/","2","0","9","7","4",".","j","p","g"
"0.855773"
"t","e","s","t","/","2","0","9","7","5",".","j","p","g"
"0.00677975"
"t","e","s","t","/","2","0","9","7","6",".","j","p","g"
"0.345895"
"t","e","s","t","/","2","0","9","7","7",".","j","p","g"
"2.06852e-08"
"t","e","s","t","/","2","0","9","7","8",".","j","p","g"
"0.000141528"
"t","e","s","t","/","2","0","9","7","9",".","j","p","g"
"1.22296e-06"
"t","e","s","t","/","2","0","9","8","0",".","j","p","g"
"0.0131127"
"t","e","s","t","/","2","0","9","8","1",".","j","p","g"
"0.00106083"
"t","e","s","t","/","2","0","9","8","2",".","j","p","g"
"0.0417018"
"t","e","s","t","/","2","0","9","8","3",".","j","p","g"
"1.34632e-05"
"t","e","s","t","/","2","0","9","8","4",".","j","p","g"
"3.28793e-09"
"t","e","s","t","/","2","0","9","8","5",".","j","p","g"
"0.0359213"
"t","e","s","t","/","2","0","9","8","6",".","j","p","g"
"0.165226"
"t","e","s","t","/","2","0","9","8","7",".","j","p","g"
"4.90283e-10"
"t","e","s","t","/","2","0","9","8","8",".","j","p","g"
"0.926481"
"t","e","s","t","/","2","0","9","8","9",".","j","p","g"
"0.160439"
"t","e","s","t","/","2","0","9","9","0",".","j","p","g"
"0.000722575"
"t","e","s","t","/","2","0","9","9","1",".","j","p","g"
"0.32706"
